airportname,latitude,longitude,count
A Coruna,43.302061,-8.377256,7
Aalborg,57.092789,9.849164,10
Aarhus,56.300017,10.619008,5
Aasiaat,68.7,-52.75,2
Abadan,30.371111,48.228333,3
Abbotsford,49.025278,-122.360556,1
Abel Santamaria,22.492192,-79.943611,5
Abha,18.240367,42.656625,8
Abidjan Felix Houphouet Boigny Intl,5.261386,-3.926294,25
Abraham Gonzalez Intl,31.636133,-106.428667,8
Abu Dhabi Intl,24.432972,54.651138,183
Achmad Yani,-6.971447,110.374122,9
Adams Fld,34.729444,-92.224306,18
Adana,36.982166,35.280388,10
Adelaide Intl,-34.945,138.530556,36
Aden Adde International Airport,2.01444,45.3047,3
Aden Intl,12.829542,45.028792,16
Adi Sumarmo Wiryokusumo,-7.516089,110.756892,1
Adi Sutjipto,-7.788181,110.431758,18
Adiyaman Airport,37.7314,38.4689,1
Adnan Menderes,38.292392,27.156953,54
Aeroparque Jorge Newbery,-34.559175,-58.415606,58
Aeroporto de Porto Seguro,-16.438611,-39.080833,7
Afonso Pena,-25.528475,-49.175775,30
Agartala,23.886978,91.24045,3
Agra,27.155831,77.960892,1
Agri Airport,39.6546,43.0271,1
Ahe Airport,-14.4281,-146.257,1
Ahmedabad,23.077242,72.63465,22
Ahwaz,31.337431,48.76195,19
Ain Arnat Airport,36.1781,5.32449,6
Airport,70.065,29.844,6
Aitutaki,-18.830922,-159.764233,1
Aizawl,23.746603,92.802767,3
Akiak Airport,60.902778,-161.230556,1
Akita,39.615556,140.218611,5
Akron Canton Regional Airport,40.9160833,-81.4421944,14
Aktau,43.86005,51.091978,17
Aktio,38.925467,20.765311,5
Aktyubinsk,50.245833,57.206667,4
Akulivik Airport,60.818600000000004,-78.1486,1
Al Ahsa,25.285306,49.485189,1
Al Baha,20.296139,41.634277,2
Al-Jawf Domestic Airport,29.785133,40.100006,1
Alakanuk Airport,62.68,-164.66,1
Albany Airport,-34.9433,117.809,1
Albany Intl,42.748267,-73.801692,20
Albert J Ellis,34.829164,-77.612139,2
Albuquerque International Sunport,35.0402222,-106.6091944,29
Albury,-36.067778,146.958056,1
Alderney,49.706111,-2.214722,1
Alfonso Bonilla Aragon Intl,3.543222,-76.381583,19
Alfredo Vasquez Cobo,-4.193549,-69.943163,2
Alghero,40.632133,8.290772,26
Alicante,38.282169,-0.558156,136
Alice Springs,-23.806667,133.902222,8
Allahabad,25.440064,81.733872,1
Allakaket Airport,66.5519,-152.6222,2
Allama Iqbal Intl,31.521564,74.403594,39
Allgau,47.988758,10.2395,15
Alluitsup Paa Heliport,60.4644,-45.5778,1
Almaty,43.352072,77.040508,43
Almeria,36.843936,-2.370097,8
Almirante Zar,-43.2105,-65.270319,4
Alpena County Regional Airport,45.0781,-83.5603,1
Alta,69.976111,23.371667,7
Altamira,-3.253906,-52.253978,2
Altoona Blair Co,40.296372,-78.320022,1
Alykel,69.311053,87.332183,11
Amami,28.430633,129.712542,1
Ambler Airport,67.106389,-157.8575,2
Ambouli International Airport,11.5472,43.1594,11
Ambrosio L V Taravella,-31.323619,-64.207953,8
Amilcar Cabral Intl,16.741389,-22.949444,12
Amritsar,31.709594,74.797264,2
Anaktuvuk Pass Airport,68.1336,-151.743,1
Anda Airport,61.83,6.10583,1
Andenes,69.2925,16.144167,2
Andizhan Airport,40.7277,72.294,2
Angads,34.78715,-1.923986,7
Angel Albino Corzo,16.561822,-93.026081,4
Anglet,43.468419,-1.523325,8
Aniak Airport,61.5816,-159.543,8
Aniwa Airport,-19.24,169.605,1
Annaba,36.822225,7.809167,7
Anqing Airport,30.5822,117.0502,3
Antalya,36.898731,30.800461,99
Antonio Maceo Intl,19.969769,-75.835414,3
Antonio Narino,1.396247,-77.291478,1
Antsirabato,-14.999411,50.320233,2
Anvik Airport,62.6467,-160.191,1
Aomori,40.734722,140.690833,2
Apartadó Airport,7.033,-77.2,1
Appleton,44.257526,-88.507576,4
Aracatuba,-21.141342,-50.424722,1
Araguaina Airport,-7.228333,-48.240833,2
Arar,30.906589,41.138217,1
Araracuara Airport,-0.58,-72.41,1
Araxos,38.151111,21.425556,1
Arcata,40.978111,-124.108611,2
Arctic Bay Airport,73.006389,-85.047222,1
Ardabil Airport,38.325678,48.424356,1
Arenal Airport,10.478,-84.6345,1
Arlanda,59.651944,17.918611,168
Arnold Palmer Regional Airport,40.2759,-79.4048,2
Aro,62.744722,7.2625,3
Arrachart,-12.3494,49.291747,4
Arthurs Town Airport,24.629417,-75.673775,1
Arturo Merino Benitez Intl,-33.392975,-70.785803,57
Arturo Michelena Intl,10.149733,-67.9284,3
Arviat,61.094166,-94.070833,4
Asahikawa,43.670833,142.4475,2
Asheville Regional Airport,35.436194,-82.541806,4
Ashgabat,37.986814,58.360967,7
Asmara Intl,15.291853,38.910667,4
Aspen Pitkin County Sardy Field,39.2232,-106.869,1
Astana Intl,51.022222,71.466944,37
Astrakhan,46.283333,48.006278,2
Asturias,43.563567,-6.034622,12
Astypalaia,36.579886,26.375822,2
Aswan Intl,23.964356,32.819975,1
Asyut International Airport,27.046508,31.011983,1
Ataturk,40.976922,28.814606,290
Atlantic City Intl,39.457583,-74.577167,8
Atqasuk Edward Burnell Sr Memorial Airport,70.4673,-157.436,1
Attawapiskat Airport,52.9275,-82.4319,1
Atyrau,47.121944,51.821389,6
Auckland Intl,-37.008056,174.791667,71
Augusta Rgnl At Bush Fld,33.369944,-81.9645,2
Augusto Severo,-5.911417,-35.247717,11
Aupaluk Airport,59.2967,-69.5997,2
Aurangabad,19.862728,75.398114,1
Aurukun Airport,-13.3539,141.721,1
Austin Bergstrom Intl,30.194528,-97.669889,64
Austin Straubel Intl,44.485072,-88.129589,2
Auvergne,45.786661,3.169169,4
Axum,14.14675,38.772833,1
Ayers Rock,-25.186111,130.975556,1
Babelthuap,7.367303,134.544278,2
Bacolod,10.642511,122.929617,3
Baden Airpark,48.7793,8.08048,15
Bagan Intl,21.173833266,94.9246666,4
Bagdogra,26.681206,88.328567,9
Baghdad International Airport,33.262539,44.234578,2
Bagotville,48.330555,-70.996391,2
Bahawalpur Airport,29.3481,71.717981,3
Bahir Dar,11.608075,37.321644,1
Bahrain Intl,26.270834,50.63361,46
Baie Comeau,49.1325,-68.204444,3
Bailian Airport,24.2075,109.391,8
Baita Airport,40.851422,111.824103,70
Baiyun Intl,23.392436,113.298786,282
Baker Lake,64.298889,-96.077778,3
Balandino,55.305836,61.503333,13
Bale Mulhouse,47.589583,7.529914,5
Bali Ngurah Rai,-8.748169,115.167172,67
Balice,50.077731,19.784836,45
Ballina Byron Gateway,-28.833889,153.5625,2
Balmaceda,-45.916058,-71.689475,2
Baltimore Washington Intl,39.175361,-76.668333,125
Bandar Abbass Intl,27.218317,56.37785,14
Bandaranaike Intl Colombo,7.180756,79.884117,76
Bangalore,12.949986000000001,77.668206,69
Bangor Intl,44.807444,-68.828139,4
Banja Luka International Airport,44.941444,17.297501,1
Banjul Intl,13.337961,-16.652206,4
Baoan Intl,22.639258,113.810664,203
Baotou Airport,40.56,109.997,16
Barajas,40.493556,-3.566764,261
Barataevka,54.268299,48.2267,1
Barcelona,41.297078,2.078464,322
Bari,41.138856,16.760594,34
Bario Airport,3.73389,115.479,1
Barnstable Muni Boardman Polando Fld,41.669336,-70.280356,1
Barquisimeto Intl,10.042747,-69.358619,1
Barreiras Airport,-12.083333,-45.0,3
Barter Island Lrrs,70.133989,-143.581867,1
Bartolomeu Lisandro,-21.698333,-41.301669,2
Bassillac,45.198055,0.815556,1
Bata,1.905469,9.805681,1
Bateen,24.428333,54.458084,3
Bathurst Airport,-33.4094,149.652,1
Batman,37.928969,41.116583,1
Batna Airport,35.752106,6.308589,3
Baton Rouge Metro Ryan Fld,30.533167,-91.149639,2
Batsfjord,70.600278,29.6925,4
Batumi,41.610278,41.599694,1
Bauru-Arealva,-22.157778,-49.068333,1
Bayankhongor Airport,46.1633,100.704,1
Bayannur,40.926389,107.738889,2
Bearskin Lake Airport,53.9656,-91.0272,3
Beaver Airport,66.362222,-147.406667,1
Bedourie Airport,-24.3461,139.46,1
Begishevo,55.34,52.06,3
Beihai Airport,21.5394,109.294,11
Beijing Nanyuan Airport,39.7825,116.387778,78
Beira,-19.796419,34.907556,5
Belbek Sevastopol International Airport,44.691431,33.57567,1
Belep Islands Airport,-19.7206,163.661,1
Belfast City,54.618056,-5.8725,15
Belfast Intl,54.6575,-6.215833,31
Belgorod International Airport,50.6438,36.5901,4
Belize City Municipal Airport,17.5344,-88.298,7
Bella Bella Airport,52.139722,-128.063611,2
Bella Coola Airport,52.3875,-126.596,1
Bellegarde,45.862778,1.179444,6
Bellingham Intl,48.792694,-122.537528,8
Bellona,-11.302,159.8,1
Beloyarsky,63.683056,66.683056,2
Ben Gurion,32.011389,34.886667,79
Benbecula,57.481111,-7.362778,1
Benin,6.316981,5.599503,1
Benina,32.096786,20.269472,17
Beograd,44.818444,20.309139,58
Berbera,10.389167,44.941106,5
Bergamo Orio Al Serio,45.673889,9.704166,74
Berlevag,70.866667,29.0,3
Bermuda Intl,32.364042,-64.678703,6
Bern Belp,46.9141,7.497153,11
Bethel,60.779778,-161.838,25
Bettles,66.913944,-151.529056,3
Bhopal,23.287467,77.337375,3
Bhubaneshwar,20.244364,85.817781,7
Biard,46.587745,0.306666,4
Big Trout Lake Airport,53.8178,-89.8969,3
Bijie Feixiong Airport,27.253,105.426,3
Bilbao,43.301097,-2.910608,47
Billings Logan International Airport,45.80921,-108.537654,7
Billund,55.740322,9.151778,33
Bingol,38.86111,40.5925,1
Binhai,39.124353,117.346183,120
Bintulu,3.12385,113.020472,5
Birdsville Airport,-25.8975,139.348,1
Birjand,32.898056,59.266111,1
Birmingham,52.453856,-1.748028,107
Birmingham Intl,33.562942,-86.75355,24
Birsa Munda,23.31425,85.321675,6
Bisha,19.98435,42.620881,2
Bishop International,42.965424,-83.743629,6
Biskra,34.793289,5.738231,2
Bismarck Municipal Airport,46.775842,-100.757931,2
Blackpool,53.771667,-3.028611,6
Blagnac,43.629075,1.363819,47
Bloemfontein Intl,-29.092722,26.302444,2
Blue Grass,38.0365,-84.605889,12
Bob Baker Memorial Airport,66.975833,-160.436667,2
Bob Hope,34.200667,-118.358667,9
Bobo Dioulasso,11.160056,-4.330969,1
Bodo,67.269167,14.365278,15
Bodrum - Milas,37.249,27.667,21
Boeing Fld King Co Intl,47.53,-122.301947,1
Boise Air Terminal,43.564361,-116.222861,13
Bole Intl,8.977889,38.799319,81
Bologna,44.535444,11.288667,55
Bolshoye Savino,57.914517,56.021214,1
Bonaventure Airport,48.0711,-65.4603,2
Bonriki Intl,1.381636,173.14703600000001,1
Boone Co,36.261519,-93.154728,1
Bora Bora,-16.444378,-151.751286,6
Borg El Arab Intl,30.917669,29.696408,25
Borlange,60.422017,15.515211,1
Boryspil Intl,50.345,30.894722,69
Bosaso Airport,11.2753,49.1494,2
Boulia Airport,-22.9133,139.9,1
Bournemouth,50.78,-1.8425,16
Boutheon,45.540554,4.296389,1
Bradford Regional Airport,41.8031,-78.6401,1
Bradley Intl,41.938889,-72.683222,38
Brainerd Lakes Rgnl,46.398308,-94.138078,1
Branson LLC,36.531994,-93.200556,2
Bratsk,56.370556,101.698331,1
Brevig Mission Airport,65.331389,-166.465833,2
Brisbane Intl,-27.384167,153.1175,116
Bristol,51.382669,-2.719089,85
Broken Hill Airport,-32.0014,141.472,3
Bromma,59.354372,17.94165,22
Bronnoy,65.461111,12.2175,4
Broome,-17.8,122.2,9
Brunei Intl,4.9442,114.928353,15
Brussels Natl,50.901389,4.484444,253
Brussels South,50.459197,4.453817,81
Brusselton,-33.687222,115.400278,1
Bucholz Aaf,8.720122,167.731661,2
Buckland Airport,65.981667,-161.149167,2
Buffalo Niagara Intl,42.940525,-78.732167,26
Bugulma Airport,54.64,52.8017,2
Bujumbura Intl,-3.324019,29.318519,3
Buka Airport,-5.42232,154.673,2
Bukavu Kavumu,-2.308978,28.808803,1
Bukhara,39.775,64.483333,2
Bunia,1.565719,30.220833,2
Buon Ma Thuot Airport,12.668311,108.120272,4
Burgas,42.569583,27.515236,5
Burketown Airport,-17.7486,139.534,1
Burlington Intl,44.471861,-73.153278,6
Bushehr,28.944811,50.834637,3
Busuanga,12.121458,120.100031,1
Butuan,8.951322,125.477972,1
Bydgoszcz Ignacy Jan Paderewski Airport,53.0968,17.9777,2
C P A Carlos Rovirosa Intl,17.997,-92.817361,6
Cabinda,-5.596992,12.188353,1
Cabo Frio International Airport,-22.921667,-42.074167,1
Cabo Velas Airport,10.3557,-85.852892,1
Cadete Guillermo Del Castillo Paredes,-6.508742,-76.373247,3
Cadjehoun,6.357228,2.384353,22
Cagayan De Oro,8.415619,124.611219,4
Cairns Intl,-16.885833,145.755278,40
Cairo Intl,30.121944,31.405556,106
Calabar,4.976019,8.347197,1
Calgary Intl,51.113888,-114.020278,99
Calicut,11.136839,75.9553,20
Cam Ranh Airport,11.998153,109.219372,4
Cambridge Bay,69.108055,-105.138333,4
Camilo Daza,7.927567,-72.511547,1
Camilo Ponce Enriquez Airport,-3.99589,-79.3719,1
Campbell River,49.950832,-125.270833,3
Campo Dell Oro,41.923637,8.802917,28
Campo Dos Bugres,-29.197064,-51.187536,1
Campo Grande,-20.468667,-54.6725,12
Canadian Rockies Intl,49.612222,-115.781944,2
Canberra,-35.306944,149.195,10
Cancun Intl,21.036528,-86.877083,113
Cap Fap David Abenzur Rengifo Intl,-8.377939,-74.574297,3
Cap Haitien Intl,19.732989,-72.194739,1
Cape Dorset,64.23,-76.526667,1
Cape Town Intl,-33.964806,18.601667,25
Capital City,42.7787,-84.587357,3
Capital Intl,40.080111,116.584556,454
Capitan Oriel Lea Plaza,-21.555736,-64.701325,5
Capodichino,40.886033,14.290781,52
Carajas Airport,-6.11781,-50.0035,2
Cardiff,51.396667,-3.343333,18
Carlos Alberto da Costa Neves Airport,-26.788333,-50.939722,1
Carlos Ibanez Del Campo Intl,-53.002642,-70.854586,3
Carpiquet,49.173333,-0.45,2
Carrasco Intl,-34.838417,-56.030806,10
Carriel Sur Intl,-36.77265,-73.063106,3
Carthage,36.851033,10.227217,67
Casa De Campo Intl,18.450711,-68.911833,1
Casale,40.657633,17.947033,15
Cascavel,-25.000339,-53.500764,1
Cassidy Intl,1.986161,-157.349778,2
Castlegar,49.296389,-117.6325,1
Cat Bi International Airport,20.819386,106.724989,1
Cat Lake Airport,51.7272,-91.8244,1
Catania Fontanarossa,37.466781,15.0664,91
Cataratas Del Iguazu,-25.737281,-54.473444,2
Cataratas Intl,-25.59615,-54.487206,8
Catumbela Airport,-12.4792,13.4869,1
Caumont,43.9073,4.901831,1
Caye Caulker Airport,17.7347,-88.0325,4
Cayo Coco Airport,22.5132,-78.511,2
Cedar Rapids,41.884694,-91.710806,9
Central,51.334366,46.022952,4
Central Illinois Rgnl,40.477111,-88.915917,5
Central Nebraska Regional Airport,40.9675,-98.3096,1
Central Wisconsin,44.772726,-89.646635,1
Cerro Moreno Intl,-23.444478,-70.4451,7
Chacalluta,-18.348531,-70.338742,3
Chah Bahar,25.44335,60.382114,4
Chaklala,33.616653,73.099233,40
Chalkyitsik Airport,66.645,-143.74,1
Champaign,40.03925,-88.278056,2
Chandigarh,30.673469,76.788542,3
Changbaishan Airport,42.088056,127.548889,2
Changbei Intl,28.865,115.9,70
Changchun,43.5412,125.1201,49
Changde Airport,28.9189,111.64,5
Changi Intl,1.350189,103.994433,325
Changle,25.935064,119.663272,107
Changzhi Airport,36.2475,113.126,8
Changzhou,31.941667,119.711667,29
Changzhoudao Airport,23.4567,111.248,2
Chapais Airport,49.7719,-74.5281,2
Chapeco,-27.134219,-52.656553,1
Charles De Gaulle,49.012779,2.55,416
Charles M Schulz Sonoma Co,38.508978,-122.81288,4
Charleston Afb Intl,32.898647,-80.040528,22
Charleville,-26.413334,146.2625,2
Charlo,47.990833,-66.330278,1
Charlotte County-Punta Gorda Airport,26.919722,-81.990556,17
Charlotte Douglas Intl,35.214,-80.943139,283
Charlottesville-Albemarle,38.138639,-78.452861,7
Charlottetown,46.290001,-63.121111,2
Chautauqua County-Jamestown,42.153333,-79.258056,1
Cheboksary Airport,56.0903,47.3473,1
Cheddi Jagan Intl,6.498553,-58.254119,4
Chefornak Airport,60.149167,-164.285556,1
Chennai Intl,12.994414,80.180517,75
Cheongju International Airport,36.7166,127.499119,3
Cherepovets Airport,59.2736,38.0158,6
Cherry Capital Airport,44.741445,-85.582235,1
Chertovitskoye,51.814211,39.229589,5
Chesterfield Inlet Airport,63.3469,-90.7311,3
Chevak Airport,61.5338,-165.584,1
Chevery Airport,50.4689,-59.6367,3
Cheyenne Rgnl Jerry Olson Fld,41.155722,-104.811839,3
Chhatrapati Shivaji Intl,19.088686,72.867919,178
Chiang Mai Intl,18.766847,98.962644,16
Chicago Midway Intl,41.785972,-87.752417,129
Chicago Ohare Intl,41.978603,-87.904842,512
Chicago Rockford International Airport ,42.1953611,-89.0972222,4
Chifeng Airport,42.235,118.908,8
Chileka Intl,-15.679053,34.974014,2
Ching Chuang Kang,24.264668,120.62058,21
Chinggis Khaan Intl,47.843056,106.766639,14
Chios,38.343175,26.140572,1
Chisasibi Airport,53.8056,-78.9169,3
Chisinau Intl,46.927744,28.930978,22
Chitral Airport,35.886592,71.800578,1
Choibalsan Airport,48.1357,114.646,2
Christchurch Intl,-43.489358,172.532225,25
Christmas Island,-10.450556,105.690278,1
Chu Lai,15.405944,108.705889,1
Chubu Centrair Intl,34.858414,136.805408,57
Churchill,58.739167,-94.065,6
Churchill Falls Airport,53.5619,-64.1064,1
Chuuk Intl,7.461869,151.843006,1
Ciampino,41.799361,12.594936,48
Cibao Intl,19.406092,-70.604689,3
Cincinnati Muni Lunken Fld,39.103333,-84.418611,2
Cincinnati Northern Kentucky Intl,39.048836,-84.667822,60
City,51.505278,0.055278,50
City Centre,43.627499,-79.396167,12
City Of Colorado Springs Muni,38.805805,-104.700778,6
City of Derry,55.042778,-7.161111,4
Ciudad del Este,-25.4555,-54.843592,2
Ciudad Obregon Intl,27.392639,-109.833111,2
Cleveland Hopkins Intl,41.411689,-81.849794,69
Cloncurry Airport,-20.6686,140.504,1
Cluj Napoca,46.785167,23.686167,15
Clyde River,70.486111,-68.516667,2
Co Ong Airport,8.731831,106.632589,1
Cochin,10.155556,76.391389,35
Coffman Cove Seaplane Base,56.014722,-132.833889,1
Coffs Harbour,-30.320556,153.116389,1
Coimbatore,11.030031,77.043383,9
Cold Bay,55.206061,-162.725436,2
Colonel Hill Airport,22.745561,-74.182353,1
Columbia Metropolitan,33.938833,-81.119528,10
Columbia Rgnl,38.818094,-92.219631,2
Comandante Espora,-38.724967,-62.169317,1
Comiso,37.0,14.6144,6
Comodoro Rivadavia,-45.785347,-67.465508,3
Comox,49.710833,-124.886667,3
Conakry,9.576889,-13.611961,6
Congonhas,-23.626692,-46.655375,43
Copiapo,-27.0,-70.0,2
Cork,51.841269,-8.491111,32
Coronel Francisco Secada Vignetta Intl,-3.784739,-73.308806,3
Corvo Airport,39.6715,-31.1136,1
Cote D\\'Azur,43.658411,7.215872,87
Cotopaxi International Airport,-0.5425,-78.3657,1
Cozumel Intl,20.522403,-86.925644,4
Craig Cove Airport,-16.265,167.924,2
Craig Seaplane Base,55.478889,-133.147778,2
Craiova,44.318139,23.888611,1
Crooked Creek Airport,61.867778,-158.135,1
Crown Point,11.149658,-60.832194,1
Culiacan Intl,24.764547,-107.474717,11
Cunnamulla Airport,-28.03,145.622,1
Cyril E King,18.337306,-64.973361,19
Dachuan Airport,31.3,107.5,6
Daegu Ab,35.894108,128.658856,1
Dakhla Airport,23.7183,-15.932,1
Dalaman,36.713056,28.7925,43
Dalat,11.75,108.367,3
Dali,25.649444,100.319444,4
Dallas Fort Worth Intl,32.896828,-97.037997,436
Dallas Love Fld,32.847111,-96.851778,31
Danang Intl,16.043917,108.19937,20
Dane Co Rgnl Truax Fld,43.139858,-89.337514,10
Dangriga Airport,16.966667,-88.216667,5
Daniel Oduber Quiros Intl,10.593289,-85.544408,10
Daniel Z Romualdez,11.227628,125.027758,1
Daru Airport,-9.08676,143.208,2
Darwin Intl,-12.4083333,130.87266,32
Datong Airport,40.0603,113.482,3
Dawadmi Domestic Airport,24.5,44.4,1
Dawei Airport,14.103886,98.203636,1
Dawson Creek,55.742333,-120.183,1
Dayong Airport,29.1028,110.443,11
Deadhorse,70.19475,-148.465167,3
Debrecen,47.488917,21.615333,1
Decatur,39.834564,-88.865689,1
Deer Lake,49.210833,-57.391388,4
Deering Airport,66.0696,-162.766,2
Dehradun,30.189689,78.180256,1
Del Caribe Intl Gen Santiago Marino,10.912926,-63.967581,14
Del Norte County Airport,41.7802,-124.237,1
Deline,65.1833333,-125.41666667,1
Denver Intl,39.861656,-104.673178,337
Depati Amir,-2.1622,106.139064,3
Deputado Luis Eduardo Magalhaes,-12.910994,-38.331044,46
Dera Ghazi Khan Airport,29.961011,70.485925,1
Dera Ismael Khan Airport,31.909422,70.896639,1
Des Moines Intl,41.533972,-93.663083,19
Detroit Metro Wayne Co,42.212444,-83.353389,193
Devi Ahilyabai Holkar,22.721786,75.801086,11
Dibrugarh Airport,27.4839,95.0169,2
Diego Aracena Intl,-20.535222,-70.181275,6
Dillon's Bay Airport,-18.7694,169.001,1
Dimapur Airport,25.8839,93.7711,1
Dionysios Solomos,37.750853,20.88425,4
Diori Hamani,13.481547,2.183614,8
Diosdado Macapagal International,15.185833,120.560278,6
Dipolog,8.601261,123.334481,2
Diqing Airport,27.7936,99.6772,4
Dire Dawa Intl,9.6247,41.854203,2
Diwopu,43.907106,87.474244,127
Diyarbakir,37.893897,40.201019,3
Dnipropetrovsk Intl,48.357222,35.100556,8
Dodge City Regional Airport,37.7634,-99.9656,3
Doha Intl,25.261125,51.565056,148
Domododevo,55.408611,37.906111,254
Don Miguel Hidalgo Y Costilla Intl,20.5218,-103.311167,78
Don Muang Intl,13.912583,100.60675,60
Donegal Airport,55.044192,-8.341,1
Donetsk Intl,48.073611,37.739722,4
Dong Hoi,17.515,106.590556,1
Dong Tac,13.04955,109.333706,1
Dongshan,49.204997,119.825,7
Dongying Airport,37.2716,118.2819,3
Doomadgee Airport,-17.9403,138.822,2
Dortmund,51.518314,7.612242,22
Douala,4.006081,9.719481,30
Dourados Airport,-22.220833,-54.805833,1
Dr Ambedkar Intl,21.092192,79.047183,9
Dr Joaquin Balaguer International Airport,18.5725,-69.9856,1
Dresden,51.132767,13.767161,11
Dryden Rgnl,49.831667,-92.744167,3
Dubai Al Maktoum,24.55056,55.103174,37
Dubai Intl,25.252778,55.364444,272
Dubbo,-32.216667,148.574722,1
Dublin,53.421333,-6.270075,179
DuBois Regional Airport,41.1783,-78.8987,1
Dubrovnik,42.561353,18.268244,40
Duluth Intl,46.842091,-92.193649,1
Dumaguete,9.333714,123.300472,1
Dumatubun Airport,-5.661619,132.731431,1
Dunedin,-45.928055,170.198333,2
Dunhuang Airport,40.094,94.4818,2
Duong Dong Airport,10.227025,103.967169,2
Durango Intl,24.124194,-104.528014,2
Durango La Plata Co,37.151516,-107.75377,2
Durban Intl,-29.970089,30.950519,15
Dushanbe,38.543333,68.825,38
Dusseldorf,51.289453,6.766775,228
Dyce,57.201944,-2.197778,24
Dzaoudzi Pamandzi,-12.804722,45.281113,6
E T Joshua,13.144306,-61.210861,3
East London,-33.035569,27.825939,3
Eastmain River Airport,52.2264,-78.5225,1
Edinburgh,55.95,-3.3725,95
Edmonton Intl,53.309723,-113.579722,52
Eduardo Falla Solano,2.152175,-74.76635,1
Eduardo Gomes Intl,-3.038611,-60.049721,23
Edward Bodden Airfield,19.6591666667,-80.09083333,1
Edward G Pitka Sr,64.736178,-156.937417,5
Eek Airport,60.213611,-162.043889,1
Eelde,53.11972,6.579444,4
Egal Intl,9.518167,44.088758,2
Eglin Afb,30.48325,-86.5254,4
Eilat,29.561281,34.960081,3
Eindhoven,51.450139,5.374528,65
El Alto Intl,-16.513339,-68.192256,17
El Aroui Airport,34.9888,-3.02821,12
El Calafate,-50.280322,-72.053103,2
El Carano,5.690758,-76.641181,3
El Golea,30.571294,2.859586,1
El Loa,-22.498175,-68.903575,4
El Paso Intl,31.80725,-106.377583,15
El Plumerillo,-32.831717,-68.792856,7
El Salvador Intl,13.440947,-89.055728,41
El Tari,-10.171583,123.671136,6
El Tepual Intl,-41.438886,-73.093953,6
Elazig,38.606925,39.291417,3
Eldorado Intl,4.701594,-74.146947,130
Eldoret Intl,0.404458,35.238928,1
Eleftherios Venizelos Intl,37.936358,23.944467,145
Elim Airport,64.615,-162.270556,3
Elmas,39.251469,9.054283,33
Elmira Corning Rgnl,42.159889,-76.891611,1
Emelyanovo,56.18,92.475,31
Emmonak Airport,62.786111,-164.490833,2
Enfidha - Zine El Abidine Ben Ali International Airport,36.075833,10.438611,33
Enrique Malek Intl,8.391003,-82.434992,1
Entebbe Intl,0.042386,32.443503,11
Entzheim,48.538319,7.628233,19
Enugu,6.474272,7.561961,1
Eppley Afld,41.303167,-95.894069,23
Erbil Intl,36.237611,43.963158,10
Ercan International Airport,35.1547,33.4961,10
Erechim Airport,-27.6619,-52.2683,1
Erfurt,50.979811,10.958106,5
Erhac,38.435347,38.091006,1
Erkilet,38.770386,35.495428,4
Ernesto Cortissoz,10.889589,-74.780819,5
Eros Airport,-22.6122,17.0804,2
Erzincan,39.710203,39.527003,1
Erzurum,39.956501,41.170166,2
Es Senia,35.623858,-0.621183,26
Esenboga,40.128082,32.995083,42
Esfahan Shahid Beheshti Intl,32.750836,51.861267,14
Esperance Airport,-33.6844,121.823,1
Esquel,-42.90795,-71.139472,1
EuroAirport Basel-Mulhouse-Freiburg,47.59,7.529167,74
Evansville Regional,38.036997,-87.532364,3
Evenes,68.4913,16.678108,5
Exeter,50.734444,-3.413889,19
Exuma Intl,23.562631,-75.877958,2
Faa\\'a International,-17.556667,-149.611389,26
Fabio Alberto Leon Bentley,1.253664,-70.233878,1
Fairbanks Intl,64.815114,-147.856267,22
Fairmont Hot Springs,64.193333,-83.359444,3
Fak Fak,-2.920192,132.267031,2
Fakarava,-16.05415,-145.656994,1
Falconara,43.616389,13.362222,5
Faleolo Intl,-13.829969,-172.008336,1
Falls Intl,48.566186,-93.403067,1
Faro,37.014425,-7.965911,85
Fascene,-13.312067,48.314822,1
Fatmawati Soekarno,-3.8637,102.339036,1
Fayetteville Regional Grannis Field,34.9912,-78.8803,2
Fera/Maringe Airport,-8.1075,159.577,1
Fergana Airport,40.3588,71.745,3
Ferihegy,47.436933,19.255592,58
Fernando De Noronha,-3.854928,-32.423336,1
Firenze,43.809953,11.2051,33
Fiumicino,41.804475,12.250797,239
Flamingo,12.131044,-68.268511,3
Flesland,60.293386,5.218142,52
Flin Flon,54.678055,-101.681667,2
Flores,39.455272,-31.131361,3
Floro,61.583611,5.024722,4
Ford Airport,45.8183611,-88.1145556,1
Forde Bringeland,61.392,5.763,1
Fort Albany Airport,52.2014,-81.6969,1
Fort Chipewyan,58.767223,-111.117222,1
Fort Frances Municipal Airport,48.6542,-93.4397,1
Fort Good Hope,66.26666667,-128.65,1
Fort Hope Airport,51.5619,-87.9078,2
Fort Lauderdale Hollywood Intl,26.072583,-80.15275,161
Fort Mcmurray,56.653333,-111.221944,8
Fort Nelson,58.836389,-122.596944,2
Fort Severn Airport,56.0189,-87.6761,2
Fort Smith,60.020278,-111.961944,3
Fort St John,56.238056,-120.740278,3
Fort Wayne,40.978472,-85.195139,8
Fort Yukon,66.571492,-145.250417,3
Four Corners Rgnl,36.74125,-108.229944,6
Francisco Bangoy International,7.125522,125.645778,9
Francisco C Ada Saipan Intl,15.119003,145.729356,5
Francisco De Orellana,-0.462886,-76.986842,1
Francistown,-21.159597,27.474525,1
Frank Pais Intl,20.785589,-76.315108,4
Frankfurt Hahn,49.948672,7.263892,45
Frankfurt Main,50.026421,8.543125,397
Franklin,41.377874,-79.860362,1
Frans Kaisiepo,-1.190017,136.107997,2
Franz Josef Strauss,48.353783,11.786086,291
Fredericton,45.868889,-66.537222,3
Freetown Lungi,8.616444,-13.195489,10
Fresno Yosemite Intl,36.776194,-119.71814,11
Friday Harbor Seaplane Base,48.537222,-123.009722,1
Friedrichshafen,47.671317,9.511486,7
Fua Amotu Intl,-21.241214,-175.149644,2
Fuerteventura,28.452717,-13.863761,72
Fukue,32.666269,128.832808,2
Fukuoka,33.585942,130.450686,51
Fukushima Airport,37.2274,140.431,1
Futuna Airport,-19.5164,170.232,1
Fuyang Airport,32.9,115.816667,4
Gabes,33.876919,10.103333,1
Gafsa,34.422022,8.822503,1
Gainesville Rgnl,29.690056,-82.271778,4
Galcaio Airport,6.78083,47.4547,2
Galeao Antonio Carlos Jobim,-22.808903,-43.243647,71
Gallatin Field,45.777643,-111.160151,3
Gallivare,67.132408,20.814636,3
Gamal Abdel Nasser Airport,31.861,23.907,2
Gambell Airport,63.7668,-171.733,2
Gambella,8.128764,34.563131,1
Gan Island Airport,-0.693342,73.1556,2
Gander Intl,48.936944,-54.568056,2
Ganja Airport,40.7377,46.3176,1
Gannan,34.4909,102.3719,1
Ganzhou Airport,25.8258,114.912,6
Gaoqi,24.544036,118.127739,194
Gardabya Airport,31.0635,16.595,1
Gardermoen,60.193917,11.100361,146
Garons,43.757444,4.416347,3
Garoua,9.335892,13.370103,1
Gaspe,48.775278,-64.478611,1
Gassim,26.302822,43.773911,3
Gatwick,51.148056,-0.190278,309
Gaua Island Airport,-14.2181,167.587,2
Gazipasa Airport,36.2993,32.3014,1
General Abelardo L Rodriguez Intl,32.541064,-116.970158,37
General Bartolome Salom Intl,10.4805,-68.073025,1
General Edward Lawrence Logan Intl,42.364347,-71.005181,178
General Francisco J Mujica Intl,19.849944,-101.0255,3
General Francisco Javier Mina Intl,22.29645,-97.865931,3
General Heriberto Jara Intl,19.145931,-96.187267,9
General Ignacio P Garcia Intl,29.095858,-111.047858,18
General Jose Antonio Anzoategui Intl,10.107139,-64.689161,7
General Juan N Alvarez Intl,16.757061,-99.753953,2
General Leobardo C Ruiz Intl,22.897112,-102.68689,2
General Lucio Blanco Intl,26.008908,-98.228513,4
General Manuel Carlos Piar,8.288528,-62.760361,7
General Manuel Marquez De Leon Intl,24.072694,-110.362475,6
General Mariano Escobedo Intl,25.778489,-100.106878,59
General Mitchell Intl,42.947222,-87.896583,53
General R Fierro Villalobos Intl,28.702875,-105.964567,9
General Rafael Buelna Intl,23.161356,-106.266072,8
General Rivadeneira Airport,0.978519,-79.6266,2
General Rodolfo Sanchez Taboada Intl,32.630634,-115.241637,2
General Santos International Airport,6.106439,125.2353,2
Geneve Cointrin,46.238064,6.10895,112
Genova Sestri,44.413333,8.8375,9
George,-34.005553,22.378889,2
George Bush Intercontinental,29.984433,-95.341442,211
George F L Charles,14.020228,-60.992936,5
Gerald R Ford Intl,42.880833,-85.522806,19
Gerrard Smith Intl,19.686981,-79.882789,1
Gheshm Airport,26.9487,56.2688,3
Ghriss,35.207725,0.147142,1
Gibraltar,36.151219,-5.349664,2
Gillam Airport,56.3575,-94.7106,1
Gillette-Campbell County Airport,44.3489167,-105.5393611,1
Gimhae Intl,35.179528,128.938222,56
Gimpo,37.558311,126.790586,25
Girona,41.900969,2.760547,45
Girua Airport,-8.80454,148.309,3
Gisborne,-38.663333,177.978333,1
Gjoa Haven,68.635556,-95.849722,2
Glacier Park Intl,48.310472,-114.256,1
Gladstone Airport,-23.8697,151.223,2
Glasgow,55.871944,-4.433056,74
Gnassingbe Eyadema Intl,6.165611,1.254511,12
Goa,15.380833,73.831422,20
Godofredo P,11.9214999,121.953,1
Goiabeiras,-20.258056,-40.286389,12
Gold Coast,-28.164444,153.504722,19
Goleniow,53.584731,14.902206,3
Golmud Airport,34.633,98.867,1
Goloson Intl,15.742481,-86.853036,6
Golovin Airport,64.550556,-163.007222,2
Goma,-1.670814,29.238464,2
Gondar,12.5199,37.434047,1
Goose Bay,53.319168,-60.425833,12
Gorgan Airport,36.909381,54.401339,3
Goroka,-6.081689,145.391881,3
Gove Airport,-12.2694,136.818,2
Governador Jorge Teixeira De Oliveira,-8.709294,-63.902281,5
Gran Canaria,27.931886,-15.386586,118
Granada,37.188731,-3.777356,5
Grand Bahama Intl,26.558686,-78.695553,8
Grand Forks Intl,47.949256,-97.176111,2
Grand Junction Regional,39.122413,-108.526735,3
Grande Prairie,55.179722,-118.885,2
Grantley Adams Intl,13.074603,-59.492456,11
Grayling Airport,62.894444,-160.065,1
Graz,46.991067,15.439628,13
Great Falls Intl,47.482,-111.370689,3
Greater Moncton Intl,46.112221,-64.678611,5
Greater Rochester Intl,43.118866,-77.672389,19
Greenville-Spartanburg International,34.895556,-82.218889,18
Gregorio Luperon Intl,19.7579,-70.570033,4
Griffith Airport,-34.2508,146.067,1
Groote Eylandt Airport,-13.975,136.46,2
Guam Intl,13.48345,144.795983,25
Guanajuato Intl,20.993464,-101.480847,7
Guangyuan Airport,32.3911,105.702,6
Guararapes Gilberto Freyre Intl,-8.126794,-34.923039,27
Guarulhos Gov Andre Franco Montouro,-23.432075,-46.469511,151
Guernsey,49.434956,-2.601969,14
Guipavas,48.447911,-4.418539,6
Gulfport-Biloxi,30.407278,-89.070111,2
Gumrak,48.782528,44.345544,4
Guriat,31.411942,37.279469,1
Gurney Airport,-10.3115,150.334,4
Gustavo Rojas Pinilla,12.583594,-81.711192,7
Gustavus Airport,58.4253,-135.707,1
Gwadar,25.233308,62.329494,2
Gwangju,35.126389,126.808889,2
H Hasan Aroeboesman,-8.849294,121.660644,2
Habib Bourguiba Intl,35.758056,10.754722,10
Hagfors Airport,60.020064,13.578908,1
Haifa,32.809444,35.043056,1
Hail,27.437917,41.686292,2
Haines Airport,59.2438,-135.524,2
Hakodate,41.77,140.821944,5
Halifax Intl,44.880833,-63.50861,30
Hall Beach,68.776111,-81.243611,2
Halmstad,56.691128,12.820211,2
Hamburg,53.630389,9.988228,119
Hami Airport,42.8414,93.6692,5
Hamilton,-37.866661,175.332056,3
Hamilton,43.173611,-79.935,3
Hamilton Island Airport,-20.3581,148.952,4
Hammerfest Airport,70.679722,23.668889,6
Hanamaki,39.428611,141.135278,2
Hang Nadim,1.121028,104.118753,21
Hanimaadhoo Airport,6.74423,73.1705,1
Hannover,52.461056,9.685078,52
Hao,-18.074814,-140.945886,1
Harare Intl,-17.931806,31.092847,10
Harrisburg Intl,40.193494,-76.763403,10
Harrison Marion Regional Airport,39.2966,-80.2281,1
Hartsfield Jackson Atlanta Intl,33.636719,-84.428067,878
Hasanuddin,-5.061631,119.554042,48
Hassan I Airport,27.1517,-13.2192,1
Hassi R Mel,32.930431,3.311542,1
Hasvik,70.486675,22.139744,1
Hat Yai Intl,6.933206,100.392975,1
Hatay Airport,36.362778,36.282222,6
Hato,12.188853,-68.959803,16
Havre Saint-Pierre Airport,50.281944,-63.611389,1
Hawarden,53.178056,-2.977778,1
Hay River,60.839722,-115.782778,1
Heathrow,51.4775,-0.461389,441
Hebei Handan Airport,36.524,114.43,2
Hector International Airport,46.92065,-96.8157639,8
Hector Silva Airstrip,17.269444,-88.776111,4
Heho,20.747036,96.792044,4
Heihe Airport,50.25,127.3,1
Heilongjiang Mohe Airport,52.915,122.427,1
Helena Rgnl,46.606806,-111.98275,2
Helsinki Vantaa,60.317222,24.963333,127
Henri Coanda,44.572161,26.102178,73
Henry E Rohlsen,17.701889,-64.798556,3
Herat,34.210017,62.2283,2
Hercilio Luz,-27.670489,-48.547181,15
Heringsdorf Airport,53.878706,14.152347,4
Hermanos Serdan Intl,19.158144,-98.371447,2
Hewanorra Intl,13.733194,-60.952597,8
Heydar Aliyev,40.4675,50.046667,35
Hierro,27.814847,-17.887056,2
High Level,58.621389,-117.164722,1
Hilo Intl,19.721375,-155.048469,1
Hilton Head,32.216,-80.752,2
Hiroshima,34.436111,132.919444,9
Hiva Oa-Atuona Airport,-9.768794,-139.011256,3
Hobart,-42.836111,147.510278,5
Hodeidah Intl,14.753,42.976336,3
Hoedspruit Afb,-24.368642,31.048744,1
Hollis Seaplane Base,55.481667,-132.646111,3
Holy Cross Airport,62.1883,-159.775,1
Hong Kong Intl,22.308919,113.914603,272
Hongqiao Intl,31.197875,121.336319,179
Honiara International,-9.428,160.054789,20
Honolulu Intl,21.318681,-157.922428,92
Hoonah Airport,58.096111,-135.409722,1
Hooper Bay Airport,61.5239,-166.147,1
Hopedale Airport,55.4483,-60.2286,2
Horta,38.519894,-28.715872,3
Houari Boumediene,36.691014,3.215408,66
Hovden,62.18,6.0742,3
Hoybuktmoen,69.725781,29.891295,4
Huahine,-16.687242,-151.021667,3
Huai An Lianshui Airport,33.7772,119.1478,8
Hualien,24.023725,121.616906,1
Huambo,-12.808878,15.760547,2
Huanghua,28.189158,113.219633,157
Huangyan Luqiao Airport,28.5622,121.429,9
Hubli Airport,15.3617,75.0849,1
Hughes Airport,66.039167,-154.264722,1
Humberside,53.574444,-0.350833,1
Huntsville International Airport-Carl T Jones Field,34.6371944,-86.7750556,10
Hurghada Intl,27.178317,33.799436,23
Husein Sastranegara,-6.900625,107.576294,13
Huslia Airport,65.697778,-156.351389,3
Hyakuri,36.181083,140.415444,3
Hyderabad,17.453117,78.467586,54
Iasi,47.178492,27.620631,9
Ibiza,38.872858,1.373117,79
Ibn Batouta,35.726917,-5.916889,13
Idaho Falls Rgnl,43.514556,-112.07075,1
Igdir,39.983056,43.866389,1
Igloolik Airport,69.3647,-81.8161,3
Ignacio Agramonte Intl,21.420428,-77.847433,2
Ignatyevo,50.425394,127.412478,2
Iles De La Madeleine,47.424721,-61.778056,1
Ilheus,-14.815964,-39.033197,5
Iloilo,10.713044,122.545297,7
Ilulissat,69.23444,-51.05111,4
Imam Khomeini,35.416111,51.152222,39
Imo Airport,5.42706,7.20603,1
Imperial Co,32.834219,-115.578744,1
Imphal,24.75995,93.896697,5
In Amenas,28.05155,9.642911,1
In Salah,27.251022,2.512017,1
Incheon Intl,37.469075,126.450517,304
Indianapolis Intl,39.717331,-86.294383,54
Indira Gandhi Intl,28.5665,77.103088,205
Inezgane,30.381353,-9.546311,16
Inhambane,-23.876431,35.408544,2
Innsbruck,47.260219,11.343964,2
Inukjuak Airport,58.4719,-78.0769,2
Inuvik Mike Zubko,68.304167,-133.482778,4
Invercargill,-46.412408,168.312992,1
Inverness,57.5425,-4.0475,9
Ioannis Kapodistrias Intl,39.601944,19.911667,34
Ipota Airport,-18.8783,169.308,2
Iqaluit,63.75639,-68.555832,15
Ireland West Knock,53.910297,-8.8184920000000009,12
Irkutsk,52.268028,104.388975,29
Ishigaki,24.344525,124.186983,8
Iskandar,-2.705197,111.673208,6
Isle Of Man,54.083333,-4.623889,6
ISLES OF SCILLY,49.919,-6.3075,2
Ivato,-18.79695,47.478806,18
Ivujivik Airport,62.4173,-77.9253,1
Ixtapa Zihuatanejo Intl,17.601569,-101.460536,2
Izhevsk Airport,56.8281,53.4575,2
J M Nkomo Intl,-20.017431,28.617869,2
Jabalpur,23.177817,80.052047,1
Jackson Evers Intl,32.311167,-90.075889,8
Jacksonville Intl,30.494056,-81.687861,32
JAGS McCartney International Airport,21.4445,-71.1423,2
Jaipur,26.824192,75.812161,7
Jalaluddin,0.637119,122.849858,1
James M Cox Dayton Intl,39.902375,-84.219375,23
Jammu,32.689142,74.837389,6
Jasionka,50.109958,22.019,7
Jefman,-0.926358,131.121194,5
Jeju Intl,33.511306,126.493028,41
Jerez,36.744622,-6.060111,14
Jersey,49.207947,-2.195508,28
Jesus Teran Intl,21.705558,-102.317858,3
Jiagedaqi Airport,50.375,124.117,1
Jiamusi Airport,46.843394,130.465389,1
Jiangbei,29.719217,106.641678,231
Jiayuguan Airport,39.8569,98.3414,2
Jijiga Airport,9.359722,42.7875,2
Jimma,7.666094,36.816639,1
Jinan,36.857214,117.215992,114
Jing Gang Shan Airport,26.8997,114.7375,3
Jingdezhen Airport,29.3386,117.176,13
Jinghong,21.973914,100.759611,12
Jining Airport ,35.417,116.533,5
Jinnah Intl,24.906547,67.160797,42
Jiujiang Lushan Airport,29.733,115.983,2
Jiuzhaigou Huanglong,32.857,103.683,8
Jixi Airport,45.30611,130.99667,1
Joacaba Airport,-27.172778,-51.500833,2
Jodhpur,26.251092,73.048869,3
Johan A Pengel Intl,5.452831,-55.187783,6
Johannesburg Intl,-26.139166,28.246,110
John F Kennedy Intl,40.639751,-73.778925,382
John Murtha Johnstown-Cambria County Airport,40.316111,-78.833889,1
John Wayne Arpt Orange Co,33.675667,-117.868222,29
Jomo Kenyatta International,-1.319167,36.9275,91
Jonkoping,57.757594,14.068731,1
Jorge Chavez Intl,-12.021889,-77.114319,89
Jorge Wilsterman,-17.421058,-66.177114,5
Jose Joaquin De Olmedo Intl,-2.157419,-79.883558,25
Jose Maria Cordova,6.164536,-75.423119,17
Jose Marti Intl,22.989153,-82.409086,24
Juan Gualberto Gomez Intl,23.034445,-81.435278,5
Juan Manuel Galvez Intl,16.316814,-86.522961,6
Juan Pablo Pérez Alfonso Airport,8.6241,-71.672819,1
Juan Santamaria Intl,9.993861,-84.208806,55
Juana Azurduy De Padilla,-19.007083,-65.288747,4
Juanda,-7.379831,112.786858,48
Juba,4.872006,31.601117,2
Jujuy,-24.392778,-65.097778,1
Julia Creek Airport,-20.6683,141.723,1
Juliaca,-15.467103,-70.158169,2
Juneau Intl,58.354972,-134.576278,14
Juwata,3.326694,117.565569,3
Jyvaskyla,62.399453,25.678253,1
Kaadedhdhoo,0.4880555,72.995556,1
Kabul Intl,34.565853,69.212328,17
Kadala,52.026317,113.305556,3
Kadhdhoo Airport,1.85917,73.5219,1
Kagau Island Airport,-7.333,157.583,1
Kagoshima,31.803397,130.719408,8
Kahramanmaras Airport,37.539,36.9534,1
Kahului,20.89865,-156.430458,31
Kaimana,-3.644517,133.695553,2
Kalamata,37.068319,22.025525,2
Kalamazoo,42.234875,-85.552058,2
Kalgoorlie Boulder,-30.789444,121.461667,2
Kalibo,11.679431,122.376294,10
Kallax,65.543758,22.121989,2
Kalskag Airport,61.5363,-160.341,2
Kaltag Airport,64.3191,-158.741,1
Kalymnos Island,36.963333,26.940556,4
Kamloops,50.702222,-120.444444,2
Kamuzu Intl,-13.789378,33.781,6
Kananga,-5.900055,22.469166,2
Kandahar,31.505756,65.847822,2
Kangiqsujuaq - Wakeham Bay Airport,61.588611,-71.929444,1
Kangirsuk Airport,60.0272,-69.9992,2
Kansai,34.4347222,135.244167,101
Kansas City Intl,39.297606,-94.713905,67
Kaohsiung Intl,22.577094,120.350006,43
Kapalua,20.962936,-156.673031,1
Kapuskasing,49.413889,-82.4675,1
Karlovy Vary,50.202978,12.914983,2
Karmoy,59.345267,5.208364,7
Karpathos,35.421408,27.146008,4
Karratha,-20.712222,116.773333,4
Kars Airport,40.562222,43.115002,2
Karshi Khanabad Airport,38.8336,65.9215,2
Kasabonika Airport,53.5247,-88.6428,1
Kasane,-17.832875,25.1624,2
Kashechewan Airport,52.2825,-81.6778,1
Kashi,39.542922,76.019956,4
Kasos,35.421358,26.910047,2
Kassel Calden,51.408394,9.377631,1
Kastrup,55.617917,12.655972,168
Katima Mulilo Airport,-17.6344,24.1767,1
Kaunas Intl,54.963919,24.084778,18
Kavieng Airport,-2.5794,150.808,2
Kazan,55.606186,49.278728,13
Keflavik International Airport,63.985,-22.605556,37
Kegaska Airport,50.195833,-61.265833,1
Kelowna,49.956112,-119.377778,7
Kenmore Air Harbor Seaplane Base,47.629,-122.339,2
Kenora,49.788334,-94.363056,2
Kerman,30.274444,56.951111,2
Kerry,52.180878,-9.523783,4
Ketchikan Intl,55.355556,-131.71375,15
Key West Intl,24.556111,-81.759556,7
Khanty Mansiysk Airport,61.028479,69.086067,5
Khartoum,15.589497,32.553161,22
Khomutovo,46.888672,142.717531,11
Khrabrovo,54.89005,20.592633,4
Khudzhand Airport,40.2154,69.6947,25
Kigali Intl,-1.968628,30.13945,25
Kilimanjaro Intl,-3.429406,37.074461,7
Kimbe Airport,-5.46217,150.405,4
Kimberley,-28.802834,24.765167,1
Kindu,-2.919178,25.915361,1
King Abdulaziz Intl,21.679564,39.156536,139
King Abdullah Bin Abdulaziz,16.901111,42.585833,4
King Fahd Intl,26.471161,49.79789,50
King Khaled Intl,24.95764,46.698776,99
King Salmon,58.676778,-156.649278,4
Kingfisher Lake Airport,53.0125,-89.8553,1
Kingman Airport,35.2595,-113.938,1
Kipnuk Airport,59.933056,-164.030556,1
Kirkwall,58.957778,-2.905,9
Kisangani Simisini,0.5175,25.155014,1
Kish Island,26.526156,53.980211,11
Kisumu,-0.086139,34.728892,1
Kiunga Airport,-6.12571,141.282,3
Kivalina Airport,67.7362,-164.563,1
Kjaerstad,65.783997,13.214914,4
Kjevik,58.204214,8.085369,5
Klamath Falls Airport,42.1561,-121.733,1
Knevichi,43.398953,132.148017,14
Kobe,34.632778,135.223889,9
Kobuk Airport,66.912222,-156.897222,2
Kochi,33.546111,133.669444,1
Kodiak,57.749967,-152.493856,7
Koggala Airport,5.99368,80.3203,1
Koln Bonn,50.865917,7.142744,108
Koltsovo,56.743108,60.802728,69
Komatsu,36.394611,136.406544,9
Kona Intl At Keahole,19.738767,-156.045631,12
Kongiganak Airport,59.960833,-162.881111,1
Konya,37.979,32.561861,1
Kooddoo,0.7308,73.433,1
Kopitnari,42.176653,42.482583,4
Korla Airport,41.6978,86.1289,3
Kos,36.793335,27.091667,30
Kosice,48.663055,21.241112,1
Kosrae,5.356975,162.958386,1
Kota Kinabalu Intl,5.937208,116.051181,34
Kotlik Airport,63.030556,-163.532778,2
Kotoka Intl,5.605186,-0.166786,27
Koumac,-20.546314,164.255625,1
Kowanyama Airport,-15.4856,141.751,1
Koyuk Alfred Adams Airport,64.939444,-161.154167,3
Krabi,8.095969,98.988764,3
Kramfors Solleftea,63.048597,17.768856,2
Kronoberg,56.929144,14.727994,1
Kruger Mpumalanga International Airport,-25.3832,31.1056,3
Kuala Lumpur Intl,2.745578,101.709917,194
Kuantan,3.775389,103.209056,3
Kuching Intl,1.484697,110.346933,19
Kudat Airport,6.9225,116.836,1
Kufra,24.178728,23.313958,1
Kugluktuk,67.816667,-115.143889,3
Kuito,-12.404633,16.947414,1
Kulob Airport,37.981667,69.799444,4
Kulusuk,65.566667,-37.1166667,3
Kumamoto,32.837319,130.85505,5
Kununurra,-15.778056,128.7075,4
Kurumoch,53.5,50.15,13
Kushiro Airport,43.041,144.193,1
Kuujjuaq,58.096111,-68.426944,8
Kuujjuarapik Airport,55.2819,-77.7653,5
Kuwait Intl,29.226567,47.968928,78
Kvernberget,63.111781,7.824522,4
Kwethluk Airport,60.790278,-161.443611,1
Kwigillingok Airport,59.876389,-163.168611,2
Kzyl-Orda,44.709,65.591,2
La Abraq Airport,32.788673,21.964333,1
La Aurora,14.583272,-90.527475,21
La Chinita Intl,10.558208,-71.727856,5
La Chorrera Airport,-0.733333,-73.016667,1
La Florida,-29.916233,-71.199522,5
La Garenne,44.174721,0.590556,1
La Grande Riviere,53.625278,-77.704167,2
La Guardia,40.777245,-73.872608,143
La Managua,9.443164,-84.129772,1
La Mesa Intl,15.452639,-87.923556,11
La Palma,28.626478,-17.755611,2
La Roche,45.150833,1.469167,1
La Rochelle-Ile de Re,46.1792,-1.19528,6
La Tabatière Airport,50.8308,-58.9756,1
La Tontouta,-22.014553,166.212972,9
Laage,53.918167,12.278333,2
Labasa Airport,-16.466749,179.33986,1
Labuan,5.300683,115.250181,2
Laishan,37.401667,121.371667,45
Lajes,38.761842,-27.090797,7
Lalibella,11.975014,38.979969,2
Lamap Airport,-16.454,167.823,1
Lambert St Louis Intl,38.748697,-90.370028,98
Lamen Bay Airport,-16.5842,168.159,1
Lamezia Terme,38.905394,16.242269,15
Lampedusa,35.497914,12.618083,1
Lanai,20.785611,-156.951419,1
Landvetter,57.662836,12.279819,26
Langkawi Intl,6.329728,99.728667,9
Langnes,69.683333,18.918919,21
Lankaran International Airport,38.746389,48.817778,1
Lansdowne House Airport,52.1956,-87.9342,1
Lanseria,-25.938514,27.926133,1
Lanzarote,28.945464,-13.605225,92
Lanzhou Airport,36.117,103.617,67
Lappeenranta,61.044553,28.144397,2
Lar Airport,27.674725,54.383278,3
Larnaca,34.875117,33.62485,44
Las Americas Intl,18.429664,-69.668925,24
Launceston,-41.545278,147.214167,4
Lauro Carneiro De Loyola,-26.224453,-48.797364,2
Lauro Kurtz,-28.243989,-52.326558,2
Lawas Airport,4.84917,115.408,2
Lawica,52.421031,16.826325,15
Le Lamentin,14.591033,-61.003175,12
Le Raizet,16.265306,-61.531806,18
Lebanon Municipal Airport,43.6261,-72.3042,1
Lech Walesa,54.377569,18.466222,42
Leeds Bradford,53.865897,-1.660569,67
Legazpi,13.157064,123.746247,1
Leh,34.135872,77.546514,2
Lehigh Valley Intl,40.652083,-75.440806,6
Leipzig Halle,51.432447,12.241633,27
Leite Lopes,-21.134167,-47.774189,15
Leknes Airport,68.1525,13.6094,2
Lensk,60.723,114.825,1
Leon M Ba,0.4586,9.412283,13
Leopold Sedar Senghor Intl,14.739708,-17.490225,34
Leros,37.184903,26.800289,4
Lesquin,50.561942,3.089444,28
Lester B Pearson Intl,43.677223,-79.630556,273
Levaldigi,44.547019,7.623217,2
Lewiston Nez Perce Co,46.3745,-117.015389,2
Lhasa-Gonggar,29.297778,90.911944,21
Liangjiang,25.218106,110.039197,80
Lianyungang Airport,34.55,119.25,10
Liberal Muni,37.044222,-100.95986,3
Licenciado Adolfo Lopez Mateos Intl,19.337072,-99.566008,9
Licenciado Benito Juarez Intl,19.436303,-99.072097,213
Licenciado Gustavo Diaz Ordaz Intl,20.680083,-105.254167,31
Licenciado Manuel Crescencio Rejon Int,20.936981,-89.657672,7
Licenciado Y Gen Ignacio Lopez Rayon,19.396692,-102.039056,1
Lichinga,-13.273986,35.266262,1
Liege,50.637417,5.443222,6
Lifou,-20.7748,167.239864,2
Lihue,21.975983,-159.338958,13
Lijiang Airport,26.883333,100.23333,49
Limnos,39.917072,25.236308,2
Linate,45.445103,9.276739,39
Lincoln,40.850971,-96.75925,1
Linz,48.233219,14.187511,6
Lisboa,38.781311,-9.135919,170
Lishe,29.826683,121.461906,57
Liuting,36.266108,120.374436,157
Liverpool,53.333611,-2.849722,54
Livingstone,-17.821756,25.822692,1
Ljubljana,46.223686,14.457611,18
Lockhart River Airport,-12.7869,143.305,1
Lokpriya Gopinath Bordoloi International Airport,26.106092,91.585939,24
Lombok International Airport,-8.7573222,116.276675,9
Londolovit Airport,-3.04361,152.629,1
London,43.033056,-81.151111,3
Londrina,-23.333625,-51.130072,8
Long Akah Airport,3.3,114.783,1
Long Beach,33.817722,-118.151611,13
Long Island Mac Arthur,40.79525,-73.100222,10
Long Lellang Airport,3.421,115.154,1
Long Seridan Airport,3.967,115.05,1
Longana Airport,-15.3067,167.967,1
Longdongbao,26.538522,106.800703,115
Longyear,78.246111,15.465556,1
Lonorore Airport,-15.8656,168.172,2
Lord Howe Island Airport,-31.5383,159.077,2
Los Angeles Intl,33.942536,-118.408075,430
Los Cabos Intl,23.15185,-109.721044,33
Los Colonizadores Airport,6.916667,-71.9,1
Los Garzones,8.823744,-75.825831,1
Louis Armstrong New Orleans Intl,29.993389,-90.258028,90
Louisville International Airport,38.1740858,-85.7364989,32
Lourdes,43.178675,-0.006439,1
Lourdes De Blanc Sablon Airport,51.443600000000004,-57.1853,1
Lovell Fld,35.035278,-85.203808,8
Luanda 4 De Fevereiro,-8.858375,13.231178,27
Luang Phabang Intl,19.897914,102.160764,7
Lubango,-14.924733,13.575022,2
Lubbock Preston Smith Intl,33.663639,-101.822778,5
Lubeck Blankensee,53.805367,10.719222,2
Lublin,51.239333,22.714083,2
Lubumbashi Intl,-11.591333,27.530889,5
Lucknow,26.760594,80.889339,9
Luis Munoz Marin Intl,18.439417,-66.001833,77
Lukou,31.742042,118.862025,133
Luogang,31.780019,117.298436,60
Luoyang Airport,34.41,112.28,5
Luqa,35.857497,14.4775,82
Lusaka Intl,-15.330817,28.452628,21
Luton,51.874722,-0.368333,100
Luxembourg,49.626575,6.211517,54
Luxor Intl,25.671028,32.706583,5
Luzhou Airport,28.8522,105.393,6
Lviv Intl,49.8125,23.956111,9
Lycksele,64.548322,18.716219,2
Lynden Pindling Intl,25.038958,-77.466231,49
M R Stefanik,48.170167,17.212667,15
Maastricht,50.911658,5.770144,8
Macaé Airport,-22.343,-41.766,2
Macau Intl,22.149556,113.591558,57
Mackay,-21.171667,149.179722,3
Mackenzie Airport,55.29944,-123.08333,1
Mactan Cebu Intl,10.307542,123.979439,34
Madang,-5.207083,145.7887,6
Madeira,32.697889,-16.774453,31
Madurai,9.834508,78.093378,2
Magenta,-22.258278,166.472806,7
Magong,23.568669,119.628311,3
Mahlon Sweet Fld,44.124583,-123.211972,7
Mahshahr,30.556192,49.151879,1
Makale,13.467367,39.533464,2
Makedonia,40.519725,22.97095,62
Makkovik Airport,55.0769,-59.1864,2
Malabo,3.755267,8.708717,5
Malaga,36.6749,-4.499106,168
Malanje,-9.525086,16.312406,1
Male Intl,4.191833,73.529128,16
Malindi Airport,-3.22931,40.1017,1
Mallam Aminu Intl,12.047589,8.524622,1
Malpensa,45.630606,8.728111,117
Managua Intl,12.141494,-86.168178,4
Manas,43.061306,74.477556,29
Manchester,53.353744,-2.27495,266
Manchester Regional Airport,42.932556,-71.435667,13
Mandalay Intl,21.702156,95.977928,9
Mangalore,12.961267,74.890069,10
Mangshi Airport,24.4011,98.5317,3
Manhattan Reigonal,39.140972,-96.670833,2
Manihi,-14.436764,-146.070056,2
Maniitsoq Airport,65.4125,-52.9394,1
Maningrida Airport,-12.0561,134.234,2
Manzhouli,49.566667,117.329444,4
Maputo,-25.920836,32.572606,11
Maquehue,-38.766819,-72.637097,1
Mar Del Plata,-37.934167,-57.573333,1
Maraba,-5.368589,-49.138025,8
Marcillac,44.407869,2.482672,2
Marcos A Gelabert Intl,8.973339,-79.555583,9
Mardin Airport,37.2233,40.6317,3
Marechal Cunha Machado Intl,-2.585361,-44.234139,12
Marechal Rondon,-15.652931,-56.116719,27
Mariehamn,60.122203,19.898156,1
Marília Airport,-22.196892,-49.9264,1
Marina Di Campo,42.760277,10.239445,3
Mario Ribeiro,-16.706925,-43.8189,1
Mariscal Lamar,-2.889467,-78.984397,1
Mariscal Sucre Intl,-0.141144,-78.488214,26
Maroantsetra,-15.436666,49.688332,3
Marsh Harbour,26.511406,-77.083472,8
Marshall Islands Intl,7.064758,171.272022,2
Martha\\'s Vineyard,41.391667,-70.615278,3
Marudi,4.1775,114.321944,5
Mashhad,36.234,59.643,53
Mataiva,-14.868055,-148.717225,1
Mataveri Intl,-27.164792,-109.421831,1
Matecana,4.812675,-75.739519,3
Matei Airport,-16.6906,-179.877,2
Matsumoto,36.166758,137.922669,1
Matsuyama,33.827222,132.699722,6
Mattala Rajapaksa Intl.,6.284467,81.124128,4
Matthew Town,20.975,-73.666862,1
Maturin,9.749067,-63.1534,1
Maun,-19.972564,23.431086,4
Maupiti,-16.426486,-152.243669,2
Maya Maya,-4.2517,15.253031,11
Mayaguana,22.379528,-73.0135,1
Mayor Buenaventura Vivas,7.565111,-72.035125,1
Mazamet,43.55625,2.289183,2
Mbandaka,0.0226,18.288744,1
Mbs Intl,43.532913,-84.079647,2
Mbuji Mayi,-6.121236,23.569008,1
Mc Allen Miller Intl,26.175833,-98.238611,1
Mc Carran Intl,36.080056,-115.15225,212
Mc Ghee Tyson,35.810972,-83.994028,20
Mc Kellar Sipes Rgnl,35.599889,-88.915611,1
McGrath Airport,62.9529,-155.606,3
Meadows Fld,35.433598,-119.05677,3
Mediterranee,43.576194,3.963014,14
Megas Alexandros Intl,40.913306,24.619223,2
Mehamn,71.029722,27.826667,4
Mehrabad Intl,35.689167,51.313416,57
Meilan,19.934856,110.458961,86
Meixian Airport,24.35,116.133,3
Melbourne Intl,-37.673333,144.843333,104
Melilla,35.279817,-2.956256,3
Melville Hall,15.547028,-61.3,10
Memanbetsu,43.880606,144.164053,3
Memorial Field,34.478,-93.0962,1
Memphis Intl,35.042417,-89.976667,43
Menara,31.606886,-8.0363,55
Menongue,-14.657583,17.719833,2
Menorca,39.862597,4.218647,23
Mercedita,18.008306,-66.563028,1
Merignac,44.828335,-0.715556,47
Merimbula Airport,-36.9086,149.901,2
Merle K Mudhole Smith,60.491778,-145.477556,1
Metropolitan Oakland Intl,37.721278,-122.220722,42
Metz Nancy Lorraine,48.982142,6.251319,2
Miami Intl,25.79325,-80.290556,325
Mianyang Airport,31.4281,104.741,10
Middle Georgia Rgnl,32.69285,-83.649211,1
Midland Intl,31.942528,-102.201914,3
Mikonos,37.435128,25.348103,3
Mildura Airport,-34.2292,142.086,3
Minangkabau,-0.874989,100.351881,2
Mineralnyye Vody,44.225072,43.081889,9
Ministro Pistarini,-34.822222,-58.535833,47
Ministro Victor Konder Intl,-26.879999,-48.65139,4
Minneapolis St Paul Intl,44.881956,-93.221767,200
Minot Intl,48.259378,-101.280333,1
Minsk 2,53.882469,28.030731,41
Miri,4.322014,113.986806,20
Mirny,62.534689,114.038928,5
Misawa Ab,40.703222,141.368364,1
Misratah Airport,32.325,15.061,7
Missoula Intl,46.916306,-114.090556,3
Mitilini,39.056667,26.598333,5
Miyako,24.782833,125.295111,2
Miyazaki,31.877222,131.448611,6
Mobile Rgnl,30.691231,-88.242814,3
Moenjodaro,27.335156,68.143053,1
Mohamed Boudiaf Intl,36.276028,6.620386,14
Mohammed V Intl,33.367467,-7.589967,98
Molokai,21.152886,-157.096256,1
Mombasa Moi Intl,-4.034833,39.59425,5
Momote Airport,-2.06189,147.424,3
Monrovia Roberts Intl,6.233789,-10.362311,4
Monrovia Spriggs Payne,6.289061,-10.758722,1
Mont Joli,48.608612,-68.208056,5
Monterey Peninsula,36.587,-121.842944,5
Montgomery Regional Airport ,32.3006389,-86.3939722,2
Moorea,-17.489972,-149.761869,3
Moosonee,51.291111,-80.607778,2
Mora,60.957908,14.511383,1
Moranbah Airport,-22.0578,148.077,1
Morgantown Muni Walter L Bill Hart Fld,39.642908,-79.916314,1
Mornington Island Airport,-16.6625,139.178,2
Moro Airport,-6.36333,143.238,1
Morondava,-20.28475,44.317614,1
Morristown Municipal Airport,40.79935,-74.4148747,1
Moruya Airport,-35.8978,150.144,1
Moses Kilangin,-4.528275,136.887375,2
Mosnov,49.696292,18.111053,1
Moss,59.378933,10.785389,35
Mota Lava Airport,-13.666,167.712,2
Mount Gambier Airport,-37.7456,140.785,1
Mount Hagen,-5.826789,144.295861,8
Mount Isa,-20.663889,139.488611,8
Mountain Village Airport,62.0954,-163.682,1
Mt. Fuji Shizuoka Airport,34.796111,138.189444,4
Muan,34.991389,126.382778,1
Mudanjiang,44.523889,129.568889,2
Muhammad Salahuddin,-8.539647,118.687322,1
Mukah Airport,2.90639,112.08,1
Mukhino,51.807764,107.437644,5
Multan Intl,30.203222,71.419111,8
Mulu,4.048333,114.805,4
Munda Airport,-8.32797,157.263,3
Mundo Maya International,16.913819,-89.866383,1
Municipal,18.3822,-88.4119,1
Munster Osnabruck,52.134642,7.684831,7
Murcia San Javier,37.774972,-0.812389,15
Murmansk,68.781672,32.750822,4
Murtala Muhammed,6.577369,3.321156,33
Mus Airport,38.747769,41.661236,1
Muskrat Dam Airport,53.4414,-91.7628,3
Mutiara,-0.918542,119.909642,5
Mutiara Ii,-8.486656,119.88905,2
Mwalimu Julius K Nyerere Intl,-6.878111,39.202625,15
Mwanza,-2.444486,32.932667,4
Myeik,12.439797,98.621478,1
Myitkyina,25.383636,97.351919,2
Myrtle Beach Intl,33.67975,-78.928333,23
Nabire,-3.368183,135.496406,2
Nadi Intl,-17.755392,177.443378,31
Nadym Airport,65.4809,72.6989,5
Nadzab,-6.569828,146.726242,9
Nagasaki,32.916944,129.913611,10
Nagoya Airport,35.255,136.924,5
Naha,26.195814,127.645869,43
Nain Airport,56.5492,-61.6803,2
Nairobi Wilson,-1.321719,36.814833,16
Nakashibetsu,43.5775,144.96,1
Namangan Airport,40.9846,71.5567,8
Nampula,-15.105611,39.2818,6
Namsos Høknesøra Airport,64.4722,11.5786,2
Nanchong Airport,30.754,106.062,3
Nanortalik Heliport,60.14,-45.2317,3
Nanping Wuyishan Airport,27.7019,118.001,10
Nantes Atlantique,47.153189,-1.610725,73
Nantong Airport,32.0708,120.976,13
Nantucket Mem,41.253053,-70.060181,4
Nanyang Airport,32.9808,112.615,5
Nanyuki Civil Airport,-0.067,37.033,2
Napier,-39.465833,176.87,2
Narita Intl,35.764722,140.386389,220
Narrandera Airport,-34.7022,146.512,1
Narsaq Heliport,60.9167,-46.0586,2
Narsarsuaq,61.160517,-45.425978,4
Naryan-Mar,67.380537,53.051016,2
Nashville Intl,36.124472,-86.678194,68
Natashquan,50.19,-61.789167,4
Nauru Intl,-0.547458,166.9191,2
Nausori Intl,-18.043267,178.559228,11
Navoi Airport,40.1172,65.1708,2
Ndjamena Hassan Djamous,12.133689,15.034019,4
Ndjili Intl,-4.38575,15.444569,14
Ndola,-12.998139,28.664944,4
Nea Anchialos,39.219619,22.794339,1
Neerlerit Inaat Airport,70.7433,-22.6606,1
Nejran,17.611436,44.419169,2
Nelson,-41.298333,173.221111,3
Nemiscau Airport,51.6911,-76.1356,1
Netaji Subhash Chandra Bose Intl,22.654739,88.446722,78
Neuenland,53.0475,8.786667,37
New Bedford Regional Airport,41.6761,-70.9569,2
New Castle,39.678722,-75.606528,5
New Chitose,42.7752,141.692283,58
New Plymouth,-39.008611,174.179167,2
Newark Liberty Intl,40.6925,-74.168667,218
Newcastle,55.0375,-1.691667,60
Newcastle Airport,-32.78,151.83,4
Newport News Williamsburg Intl,37.131894,-76.492989,2
Ngorangora Airport,-10.4497,161.898,2
Niagara Falls Intl,43.107333,-78.946194,3
Niederrhein,51.602222,6.141944,37
Nightmute Airport,60.471111,-164.700833,1
Niigata,37.5711,139.0646,9
Nikos Kazantzakis,35.339719,25.180297,81
Ninoy Aquino Intl,14.508647,121.019581,154
Nizhnevartovsk,60.949272,76.483617,6
Nizhny Novgorod,56.230119,43.784042,10
Nnamdi Azikiwe Intl,9.006792,7.263172,22
Noatak Airport,67.5661,-162.975,1
Noibai Intl,21.221192,105.807178,55
Nome,64.512203,-165.445247,22
Norfolk Intl,36.894611,-76.201222,26
Norfolk Island Intl,-29.041625,167.938742,2
Norman Manley Intl,17.935667,-76.7875,14
Norman Wells,65.281617,-126.798219,3
Norman Y Mineta San Jose Intl,37.3626,-121.929022,45
Normanton Airport,-17.6836,141.07,1
Norsup Airport,-16.0797,167.401,4
North Eleuthera,25.474861,-76.683489,2
North Ronaldsay Airport,59.3675,-2.43444,3
North Spirit Lake Airport,52.49,-92.9711,1
Norwich,52.675833,1.282778,4
Noshahr Airport,36.663333,51.464722,1
Nottingham East Midlands,52.831111,-1.328056,85
Nouadhibou,20.933067,-17.029956,2
Nouakchott,18.097856,-15.947956,5
Noumerat,32.384106,3.794114,3
Novy,48.528044,135.188361,26
Novyi Urengoy,66.041811,76.313938,6
Noyabrsk,63.110079,75.162243,4
Nuiqsut Airport,70.21,-151.005556,1
Nuku Hiva,-8.795603,-140.228789,3
Nukus Airport,42.4884,59.6233,1
Nulato Airport,64.729444,-158.074167,1
Nurnberg,49.4987,11.066897,31
Nusatupe Airport,-8.09778,156.864,3
Nuuk,64.190922,-51.678064,7
NW Arkansas Regional,36.2818694,-94.3068111,15
Nyagan Airport,62.11,65.615,2
Nyingchi Airport,29.3033,94.3353,1
Obando Airport,3.85,-67.91,1
Odesa Intl,46.426767,30.676464,6
Oguzeli,36.947183,37.478683,4
Oita,33.479444,131.737222,4
Okayama,34.756944,133.855278,4
Okecie,52.16575,20.967122,80
Olaya Herrera,6.219958,-75.590519,8
Olbia Costa Smeralda,40.898661,9.517628,36
Omsk,54.967042,73.310514,10
Ondjiva Pereira Airport,-17.043464,15.683822,5
Ontario Intl,34.056,-117.601194,15
Ordos Ejin Horo,39.85,110.033,15
Orebro,59.223733,15.037956,1
Orenburg,51.795786,55.456744,4
Orlando Bezerra de Menezes Airport,-7.218958,-39.2701,2
Orlando Intl,28.429394,-81.308994,202
Orlando Sanford Intl,28.777639,-81.237489,46
Orly,48.725278,2.359444,171
Osaka Intl,34.785528,135.438222,38
Osh,40.608989,72.793269,22
Osijek,45.462667,18.810156,2
Osnova International Airport,49.924786,36.289986,2
Osvaldo Vieira International Airport,11.89485,-15.653681,3
Ottawa Macdonald Cartier Intl,45.3225,-75.669167,32
Ouagadougou,12.353194,-1.512417,18
Ouargla,31.917223,5.412778,4
Ouarzazate,30.939053,-6.909431,1
Oued Irara,31.672972,6.140444,4
Oulu,64.930061,25.354564,1
Ouvea,-20.640556,166.572778,1
Owen Roberts Intl,19.292778,-81.35775,15
Ozamis,8.178508,123.841731,1
Paamiut Heliport,61.9922,-49.6625,1
Paderborn Lippstadt,51.614089,8.616317,7
Padre Aldamiz,-12.613611,-69.228611,1
Pafos Intl,34.718039,32.485731,29
Pagadian,7.827197,123.458294,1
Page Municipal Airport,36.9261,-111.4483,2
Pajala Airport,67.2456,23.0689,1
Pakse,15.132053,105.781417,4
Palermo,38.175958,13.091019,44
Palm Beach Intl,26.683161,-80.095589,30
Palm Springs Intl,33.829667,-116.506694,16
Palmas,-10.241667,-48.35278,3
Palmerston North,-40.320556,175.616944,4
Palonegro,7.1265,-73.184778,2
Pampulha Carlos Drummond De Andrade,-19.851181,-43.950628,10
Panama City-NW Florida Bea.,30.3417,-85.7973,3
Pangnirtung,66.145,-65.713611,2
Pantelleria,36.816519,11.968864,1
Panzhihua,26.54,101.799,1
Papa Westray Airport,59.3517,-2.90028,2
Paraparaumu,-40.904722,174.989167,1
Pardubice,50.013419,15.738647,1
Parkes Airport,-33.1314,148.239,1
Parma,44.824483,10.296367,3
Paro,27.403192,89.424606,4
Pashkovskiy,45.034689,39.170539,30
Patna,25.591317,85.087992,7
Pattimura,-3.710264,128.089136,9
Pau Pyrenees,43.38,-0.418611,1
Pavlodar,52.195,77.073889,1
Pelotas,-31.718353,-52.327689,1
Pemba,-12.986753,40.522492,5
Penang Intl,5.297139,100.276864,25
Pensacola Rgnl,30.473425,-87.186611,11
Peoria Regional,40.664203,-89.693258,8
Perales,4.421608,-75.1333,1
Persian Gulf Airport,27.379444,52.7375,4
Perth Intl,-31.940278,115.966944,65
Perugia,43.095906,12.513222,3
Pescara,42.431656,14.181067,7
Peshawar Intl,33.993911,71.514581,20
Petersburg James A. Johnson,56.801667,-132.945278,1
Petropavlosk South Airport,54.7747,69.1839,1
Philadelphia Intl,39.871944,-75.241139,266
Philibert Tsiranana,-15.667144,46.351828,1
Philip S W Goldson Intl,17.539144,-88.308203,20
Phnom Penh Intl,11.546556,104.844139,7
Phoenix International,18.302897,109.412272,85
Phoenix Sky Harbor Intl,33.434278,-112.011583,227
Phoenix-Mesa Gateway,33.307833,-111.655,31
Phu Bai,16.401499,107.702614,2
Phu Cat Airport,13.954986,109.042267,1
Phuket Intl,8.1132,98.316872,29
Piarco,10.595369,-61.337242,21
Pico,38.554333,-28.441333,1
Piedmont Triad,36.09775,-79.937306,15
Pierre Elliott Trudeau Intl,45.470556,-73.740833,154
Pierre Regional Airport,44.3827,-100.286,5
Pikangikum Airport,51.8197,-93.9733,4
Pilot Station Airport,61.934444,-162.899444,1
Pinto Martins Intl,-3.776283,-38.532556,29
Pisa,43.683917,10.39275,60
Pittsburgh Intl,40.491467,-80.232872,60
PlÃ¡cido de Castro,-9.583,-67.4836,2
Placencia Airport,16.536944,-88.361667,5
Plattsburgh Intl,44.650944,-73.468139,3
Playa De Oro Intl,19.144778,-104.558631,1
Pleiku Airport,14.004522,108.017158,2
Pleurtuit,48.587683,-2.079958,1
Plovdiv,42.067806,24.850833,1
Pobedilovo Airport,58.5033,49.3483,1
Podgorica,42.359392,19.251894,9
Pohang,35.987858,129.420486,1
Pohnpei Intl,6.9851,158.208989,2
Point Hope Airport,68.3488,-166.799,2
Point Lay Lrrs,69.732875,-163.005342,1
Point Salines Intl,12.004247,-61.786192,5
Pointe Noire,-4.816028,11.886597,9
Poliarny Airport,66.400431,112.030325,3
Ponciano Arriaga Intl,22.254303,-100.930806,2
Pond Inlet,72.683334,-77.966667,1
Ponta Delgada,37.741184,-25.69787,18
Poplar Hill Airport,52.1133,-94.2556,1
Poretta,42.552664,9.483731,26
Pori,61.461686,21.799983,1
Pormpuraaw Airport,-14.8967,141.609,1
Port Blair,11.641161,92.729744,6
Port Columbus Intl,39.997972,-82.891889,49
Port Elizabeth Intl,-33.984919,25.617275,6
Port Harcourt Intl,5.015494,6.949594,1
Port Hardy,50.680556,-127.366667,1
Port Hedland Intl,-20.377778,118.626389,5
Port Macquarie Airport,-31.4358,152.863,3
Port Menier,49.836389,-64.288611,1
Port Moresby Jacksons Intl,-9.443383,147.22005,48
Port Sudan New International Airport,19.4336,37.2341,2
Port Vila Bauerfield,-17.699325,168.319794,21
Portland Intl,45.588722,-122.5975,97
Porto,41.248055,-8.681389,78
Postville Airport,54.910278,-59.785278,2
Praia International Airport,14.9245,-23.4935,11
Prefeito Renato Moreira,-5.531292,-47.46005,3
Preguica,16.588356,-24.284656,1
Presidente Castro Pinto,-7.148381,-34.950681,7
Presidente Juscelino Kubitschek,-15.8711,-47.918625,84
Presidente Peron,-38.949,-68.155711,3
Prestwick,55.509444,-4.586667,20
Prince Abdul Majeed Airport,26.636718,37.908018,1
Prince George,53.889444,-122.678889,7
Prince Mohammad Bin Abdulaziz,24.553422,39.705061,24
Prince Said Ibrahim,-11.533661,43.27185,1
Princess Juliana Intl,18.040953,-63.1089,35
Pristina,42.572778,21.035833,9
Professor Urbano Ernesto Stumpf,-23.228172,-45.862739,1
Provence,43.435555,5.213611,98
Providenciales,21.773625,-72.265886,19
Provo Municipal Airport,40.21805555,-111.72222222,2
Pudong,31.143378,121.805214,346
Puerto Carreno,6.184717,-67.493164,1
Puerto Jimenez Airport,8.53333,-83.3,1
Puerto Princesa,9.742119,118.758731,3
Pula,44.893533,13.922192,6
Pulkovo,59.800292,30.262503,127
Pullman-Moscow Rgnl,46.743861,-117.109583,1
Pune,18.582111,73.919697,26
Punta Cana Intl,18.567367,-68.363431,38
Puvirnituq Airport,60.0506,-77.2869,3
Pyongyang Intl,39.224061,125.67015,3
Pyrzowice,50.474253,19.080019,22
Qaanaaq Airport,77.4886,-69.3887,2
Qaarsut Airport,70.7342,-52.6962,1
Qaisumah,28.335192,46.125069,1
Qaqortoq Heliport,60.7158,-46.0294,6
Qingyang Airport,35.7997,107.603,3
Qiqihar Sanjiazi Airport,47.239628,123.918131,1
Quad City Intl,41.448528,-90.507539,8
Quanzhou Airport,24.7964,118.59,35
Quaqtaq Airport,61.0464,-69.6178,1
Quebec Jean Lesage Intl,46.791111,-71.393333,17
Queen Alia Intl,31.722556,35.993214,73
Queenstown,-45.021111,168.739167,3
Quelimane,-17.8555,36.869106,2
Queretaro Intercontinental,20.617289,-100.185658,1
Quesnel,53.026112,-122.510278,2
Quetta,30.251369,66.937764,11
Quilpie Airport,-26.6122,144.253,1
Quinhagak Airport,59.755,-161.845278,2
Quzhou Airport,28.9658,118.899,1
Rabil,16.136531,-22.888897,5
Radin Inten II (Branti) Airport,-5.242339,105.178939,2
Rafael Hernandez,18.494861,-67.129444,1
Rafael Nunez,10.442381,-75.512961,5
Rafic Hariri Intl,33.820931,35.488389,36
Rahadi Usman,-1.816639,109.963483,1
Raiatea,-16.722861,-151.465856,3
Rainbow Lake Airport,58.491389,-119.407778,1
Raipur,21.180406,81.738753,8
Raivavae Airport,-23.87,-147.67,1
Raleigh County Memorial Airport,37.7873,-81.1242,1
Raleigh Durham Intl,35.877639,-78.787472,64
Ralph Wien Mem,66.884678,-162.59855,19
Ramata Airport,-8.16806,157.643,1
Ramsar,36.909908,50.679589,1
Rangiroa,-14.954283,-147.6608,4
Rankin Inlet,62.81139,-92.115833,22
Rapid City Regional Airport,44.045278,-103.057222,3
Rarotonga Intl,-21.202739,-159.805556,9
Rasht,37.325314,49.605817,6
Red Deer Regional,52.182222,-113.894444,1
Red Lake Airport,51.0669,-93.7931,5
Redang,5.76528,103.007,1
Reggio Calabria,38.071206,15.651556,3
Regina Intl,50.431944,-104.665833,12
Regional De Maringa Silvio Name Junior,-23.476392,-52.016406,7
Reina Beatrix Intl,12.501389,-70.015221,20
Rendani,-0.891833,134.049183,4
Rennell/Tingoa Airport,-11.5339,160.063,1
Reno Tahoe Intl,39.499108,-119.768108,19
Repulse Bay,66.521389,-86.224722,1
Reus,41.147392,1.167172,15
Reykjavik,64.13,-21.940556,4
Rhinelander Oneida County Airport,45.6312,-89.4675,1
Rhodes Diagoras,36.405419,28.086192,57
Richmond Intl,37.505167,-77.319667,26
Rick Husband Amarillo Intl,35.219369,-101.705931,5
Rickenbacker Intl,39.813786,-82.927822,1
Riga Intl,56.923611,23.971111,76
Rigolet Airport,54.1797,-58.4575,1
Rijeka,45.216889,14.570267,4
Rimatara,-22.637253,-152.805192,1
Rio Gallegos,-51.608875,-69.312636,3
Rio Grande,-32.082617,-52.166542,1
Rivesaltes,42.740442,2.870667,1
Riyan,14.662639,49.375028,10
Roanoke Regional,37.325472,-79.975417,7
Robert Curtis Memorial Airport,66.8175,-161.022222,2
Robert L Bradshaw,17.311194,-62.718667,3
Roberts Fld,44.254066,-121.149964,3
Robin Hood Doncaster Sheffield Airport,53.474722,-1.004444,5
Rochambeau,4.819808,-52.360447,2
Roche Harbor Seaplane Base,48.608056,-123.159722,1
Rock Springs Sweetwater County Airport,41.5942,-109.065,1
Rockhampton,-23.381944,150.475278,2
Rodriguez Ballon,-16.341072,-71.583083,3
Rogue Valley Intl Medford,42.374228,-122.8735,4
Roma Airport,-26.545,148.775,1
Ronald Reagan Washington Natl,38.852083,-77.037722,180
Ronchi Dei Legionari,45.8275,13.472222,8
Rosario,-32.903611,-60.785,3
Roschino,57.189567,65.3243,15
Røssvoll Airport,66.3639,14.3014,3
Røst Airport,67.5278,12.1033,1
Rostov Na Donu,47.258208,39.818089,14
Rota Intl,14.174308,145.242536,1
Rotorua,-38.109167,176.317222,2
Rotterdam,51.956944,4.437222,25
Roumaniere,44.825279,0.518611,6
Round Lake (Weagamow Lake) Airport,52.943600000000004,-91.3128,1
Rouyn Noranda,48.206111,-78.835556,2
Ruby Airport,64.7272,-155.47,2
Rundu,-17.956461,19.719439,1
Rurrenabaque Airport,-14.4275,-67.498056,1
Rurutu,-22.434069,-151.360614,1
Russian Mission Airport,61.775,-161.319444,2
Ruzyne,50.100833,14.26,126
Ryum Airport,64.8383,11.1461,2
Saarbrucken,49.214553,7.109508,5
Sabiha Gokcen,40.898553,29.309219,125
Sacheon Air Base,35.088543,128.07037,1
Sachigo Lake Airport,53.8911,-92.1964,1
Sachs Harbour,71.993889,-125.2425,1
Sacramento Intl,38.695417,-121.590778,41
Saidpur,25.759228,88.908869,1
Saint Barthelemy,17.9023,-62.8324,5
Saint Catherine,42.530753,8.793189,11
Saint Exupery,45.726387,5.090833,96
Saint John,45.316111,-65.890278,2
Sainte Marie,-17.093889,49.815834,2
Saiss,33.927261,-4.977958,13
Salalah,17.038719,54.091297,2
Sale,34.051467,-6.751519,6
Salekhard Airport,66.590753,66.611042,6
Salgado Filho,-29.994428,-51.171428,29
Salisbury Ocean City Wicomico Rgnl,38.340525,-75.510289,2
Salluit Airport,62.1794,-75.6672,1
Salt Lake City Intl,40.788389,-111.977772,128
Salta,-24.855978,-65.486169,3
Salvaza,43.215978,2.306317,9
Salzburg,47.793304,13.004333,22
Sam Ratulangi,1.549447,124.925878,14
Samaná El Catey International Airport,19.267,-69.742,1
Samarkand,39.700547,66.983829,4
Sambava,-14.278611,50.174721,2
Samburu South Airport,0.530583,37.5342,1
Samos,37.689999,26.911667,3
Samui,9.547794,100.062272,10
San Antonio Intl,29.533694,-98.469778,54
San Carlos De Bariloche,-41.151172,-71.157542,4
San Diego Intl,32.733556,-117.189667,90
San Francisco Intl,37.618972,-122.374889,207
San Luis County Regional Airport,35.2368,-120.642,1
San Luis Valley Regional Airport,37.435,-105.866667,3
San Pedro,17.913936,-87.971075,9
San Rafael,-34.588314,-68.403854,1
San Sebastian,43.356519,-1.790611,1
Sanaa Intl,15.476258,44.219739,25
Sandakan,5.900897,118.059486,4
Sanday Airport,59.2503,-2.57667,1
Sandy Lake Airport,53.0642,-93.3444,2
Sangster Intl,18.503717,-77.913358,26
Sanikiluaq Airport,56.5378,-79.2467,1
Sanliurfa GAP,37.45,38.9,2
Sannvhe,39.717444,118.002389,1
Santa Ana Airport,-10.848056,162.454167,1
Santa Barbara Muni,34.426211,-119.840372,3
Santa Cruz,-17.8,-63.166667,5
Santa Fe Muni,35.617108,-106.089422,2
Santa Genoveva,-16.632033,-49.220686,16
Santa Maria,-10.984,-37.070333,9
Santa Maria Airport,-29.711358,-53.688153,2
Santander,43.427064,-3.820006,16
Santarem,-2.422431,-54.792789,9
Santiago,42.896333,-8.415144,29
Santo Angelo,-28.281683,-54.169139,1
Santo Pekoa International Airport,-15.505033,167.219742,9
Santorini,36.399169,25.479333,2
Santos Dumont,-22.910461,-43.163133,24
Sao Jorge,38.6655,-28.175817,1
Sao Jose Do Rio Preto,-20.816567,-49.406511,4
Sao Pedro,16.833689,-25.054661,3
Sao Tome Intl,0.378175,6.712153,1
Sarajevo,43.824583,18.331467,6
Saransk Airport,54.1251,45.2123,1
Sarasota Bradenton Intl,27.395444,-82.554389,4
Sari Dasht E Naz Airport,36.635833,53.193611,3
Sary-Arka,49.670833,73.334444,3
Saskatoon J G Diefenbaker Intl,52.170834,-106.699722,11
Sault Ste Marie,46.485001,-84.509445,1
Saurimo,-9.689067,20.431875,1
Savannah Hilton Head Intl,32.127583,-81.202139,13
Savannakhet,16.556594,104.759531,2
Save,57.774722,11.870372,17
Savoonga Airport,63.6864,-170.493,2
Savusavu Airport,-16.8028,179.341,2
Sayun International Airport,15.966111,48.7883,3
Schefferville,54.805278,-66.805278,3
Schiphol,52.308613,4.763889,374
Schonefeld,52.380001,13.5225,66
Schwechat,48.110278,16.569722,238
Sde Dov,32.114661,34.782239,1
Seattle Tacoma Intl,47.449,-122.309306,168
Seeb Intl,23.593278,58.284444,66
Sege Airport,-8.57889,157.876,3
Semipalatinsk,50.3513,80.2344,2
Senador Nilo Coelho,-9.362411,-40.569097,2
Senador Petronio Portella,-5.059942,-42.823478,8
Sendai,38.139722,140.916944,20
Senou,12.533544,-7.949944,14
Sentani,-2.576953,140.516372,12
Sepinggan,-1.268272,116.894478,28
Sept Iles,50.223333,-66.265556,16
Sevilla,37.418,-5.893106,52
Seychelles Intl,-4.674342,55.521839,3
Shageluk Airport,62.692222,-159.569167,1
Shah Amanat Intl,22.249611,91.813286,8
Shahid Ashrafi Esfahani,34.345853,47.158128,2
Shaktoolik Airport,64.371111,-161.223889,4
Shang Yi,24.427892,118.359197,3
Shanhaiguan Airport,39.9681,119.731,3
Shannon,52.701978,-8.9248170000000009,25
Sharjah Intl,25.328575,55.51715,81
Sharm El Sheikh Intl,27.977222,34.394722,26
Sharurah,17.466875,47.121431,1
Sheikh Zayed,28.3839,70.279572,2
Sheldon Point Airport,62.520556,-164.847778,1
Shenyang Taoxian International Airport,41.3824,123.2901,107
Sheremetyevo,55.972642,37.414589,161
Shijiazhuang Daguocun International Airport,38.280686,114.6973,67
Shiraz Shahid Dastghaib Intl,29.539242,52.589786,31
Shishmaref Airport,66.2496,-166.089,1
Show Low Regional Airport,34.265556,-110.005556,3
Shreveport Rgnl,32.446629,-93.8256,1
Shuangliu,30.578528,103.947086,285
Shubuling Airport,35.0461,118.412,10
Shymkent,42.364167,69.478889,4
Sialkot Airport,32.5356,74.3639,5
Sibiu,45.785597,24.091342,2
Sibu,2.261603,111.985322,6
Siem Reap,13.410666,103.81284,18
Sigiriya Airport,7.57212,80.43412,2
Silchar,24.912928,92.978742,4
Silvio Pettirossi Intl,-25.23985,-57.519133,7
Simferopol Intl,45.052222,33.975139,2
Simon Bolivar,11.11965,-74.230647,1
Simon Bolivar Intl,10.603117,-66.990583,63
Sinop Airport,-11.885,-55.586,1
Sioux Falls,43.582014,-96.741914,7
Sioux Lookout,50.113889,-91.905278,16
Sir Bani Yas Island,24.2856083,52.5783472,1
Sir Seewoosagur Ramgoolam Intl,-20.430235,57.6836,25
Sir Seretse Khama Intl,-24.555225,25.918208,6
Sisimiut Airport,66.9513,-53.7293,2
Sitia,35.216108,26.101325,1
Sitka Rocky Gutierrez,57.047138,-135.361611,1
Sittwe,20.132708,92.872628,1
Sivas,39.813828,36.903497,2
Skagen,68.580833,15.026111,3
Skagway Airport,59.4601,-135.316,1
Skavsta,58.788636,16.912189,29
Skelleftea,64.624772,21.076892,1
Skopje,41.961622,21.621381,12
Sleetmute Airport,61.700566,-157.165833,1
Smithers,54.824722,-127.182778,1
Sochi,43.449928,39.956589,11
Soekarno Hatta Intl,-6.125567,106.655897,140
Sofia,42.695194,23.406167,41
Sogndal Airport,61.1561,7.13778,3
Sohag International,26.341189,31.742983,3
Sokol,59.910989,150.720439,1
Sola,58.876778,5.637856,35
Sola Airport,-13.8517,167.537,2
Solwesi Airport,-12.1737,26.3651,1
Son Sant Joan,39.55361,2.727778,234
Sondre Stromfjord,67.016969,-50.689325,7
Sorkjosen Airport,69.7868,20.9594,1
Sorstokken,59.791925,5.34085,2
Souda,35.531747,24.149678,32
Soummam,36.711997,5.069922,4
South Arkansas Rgnl At Goodwin Fld,33.220972,-92.813278,1
South Bend Rgnl,41.708661,-86.31725,6
South Caicos,21.515739,-71.528528,1
Southampton,50.950261,-1.356803,28
Southeast Iowa Regional Airport,40.7832,-91.1255,1
Southend,51.571389,0.695556,12
Southwest Bay Airport,-16.495,167.438,1
Southwest Florida Intl,26.536167,-81.755167,44
Sovetsky Tyumenskaya Airport,61.32,63.6044,3
Soyo,-6.141086,12.371764,1
Split,43.538944,16.297964,31
Spokane Intl,47.619861,-117.533833,7
Spring Point,22.441828,-73.970858,1
Springfield Branson Natl,37.245667,-93.388639,7
Srinagar,33.987139,74.77425,8
St Anthony,51.391944,-56.083056,2
St Augustin Airport,51.2117,-58.6583,2
St Denis Gillot,-20.8871,55.510308,12
St George Airport,-28.0497,148.595,1
St Hubert,45.5175,-73.416944,3
St Jacques,48.069508,-1.734794,6
St Johns Intl,47.61861,-52.751945,13
St Marys Airport,62.0605,-163.302,3
St Mawgan,50.440558,-4.995408,2
St Paul Island,57.167333,-170.220444,1
St Petersburg Clearwater Intl,27.910167,-82.687389,30
St Pierre,46.762904,-56.173088,2
St. George Airport,56.577222,-169.663611,1
St. Michael Airport,63.49,-162.110278,2
Stagen Airport,-3.29472,116.165,1
Stansted,51.885,0.235,163
Stebbins Airport,63.515833,-162.278056,5
Stewart Intl,41.504094,-74.104839,1
Stokka,65.956828,12.468944,3
Stornoway,58.215556,-6.331111,3
Strachowice,51.102683,16.885836,26
Stronsay Airport,59.1553,-2.64139,1
Sturup,55.530193,13.371639,8
Stuttgart,48.689878,9.221964,107
Subang-Sultan Abdul Aziz Shah Intl,3.130583,101.549333,25
Sud Corse,41.500557,9.097777,7
Sudbury,46.625,-80.798889,3
Sukkur,27.721989,68.791683,4
Sulaymaniyah International Airport,35.5608,45.3147,2
Sultan Abdul Halim,6.189667,100.398183,1
Sultan Babullah,0.831414,127.381486,5
Sultan Ismail,1.641308,103.669619,12
Sultan Ismail Petra,6.16685,102.293014,10
Sultan Mahmud,5.382639,103.10336,3
Sultan Mahmud Badaruddin Ii,-2.89825,104.699903,6
Sultan Syarif Kasim Ii,0.460786,101.444539,6
Sultan Thaha,-1.638017,103.644378,2
Sumburgh,59.878889,-1.295556,4
Sundsvall Harnosand,62.528125,17.443928,1
Sungshan,25.069722,121.5525,25
Sunshine Coast,-26.603333,153.091111,2
Supadio,-0.150711,109.403892,1
Surat,21.114061,72.741792,1
Surgut,61.343694,73.401842,5
Suvarnabhumi Intl,13.681108,100.747283,228
Svartnes Airport,70.355392,31.044889,2
Sveg,62.047811,14.42295,1
Svolvær Helle Airport,68.2433,14.6692,2
Syamsudin Noor,-3.442356,114.762553,10
Sydney,46.161388,-60.047779,1
Sydney Intl,-33.946111,151.177222,161
Syktyvkar,61.64705,50.84505,5
Syracuse Hancock Intl,43.111187,-76.106311,16
Tabriz Intl,38.133889,46.235,8
Tabubil Airport,-5.27861,141.226,2
Tabuk,28.365417,36.618889,4
Tachileik,20.483831,99.935353,2
Taif,21.483418,40.544334,4
Taiping,45.623403,126.250328,102
Taiz Intl,13.685964,44.139056,5
Tajin,20.602671,-97.460838999999993,4
Takamatsu,34.214167,134.015556,2
Takaroa,-14.455781,-145.024542,2
Talagi,64.360281,40.430167,6
Talavera La Real,38.89125,-6.821333,1
Tallahassee Rgnl,30.396528,-84.350333,8
Tallinn,59.413317,24.832844,23
Taloyoak,69.546667,-93.576667,2
Tamanrasset,22.811461,5.451075,3
Tambolaka Airport,-9.409717,119.244494,1
Tame,6.451081,-71.760261,1
Tampa Intl,27.975472,-82.53325,115
Tampere Pirkkala,61.414147,23.604392,7
Tanana Airport,65.179556,-152.075833,2
Tancredo Neves Intl,-19.63375,-43.968856,45
Tanna island,-19.455198,169.22394,4
Tansonnhat Intl,10.818797,106.651856,68
Taoyuan Intl,25.077731,121.232822,214
Tapachula Intl,14.794339,-92.370025,1
Taraz,42.853611,71.303611,2
Taree Airport,-31.8886,152.514,1
Tari Airport,-5.845,142.948,1
Tasiilaq,65.612222,-37.618333,4
Tasiujaq Airport,58.6678,-69.9558,1
Taupo,-38.739723,176.084444,1
Tauranga,-37.671944,176.19611,2
Tavaux,47.039014,5.42725,2
Tavie Airport,-16.439,168.257,1
Tawau,4.313369,118.121953,5
Tbilisi,41.669167,44.954722,9
Ted Stevens Anchorage Intl,61.174361,-149.996361,50
Tefe,-3.382944,-64.724056,4
Tegel,52.559686,13.287711,160
Teller Airport,65.240278,-166.339444,1
Ten Cel Av Cesar Bombonato,-18.882844,-48.225594,10
Tenerife Norte,28.482653,-16.341536,22
Tenerife Sur,28.044475,-16.572489,126
Tengchong Tuofeng Airport,24.938651,98.483591,3
Teniente Alejandro Velasco Astete Intl,-13.535722,-71.938781,4
Termez Airport,37.286667,67.31,1
Terrace,54.468508,-128.576219,1
Terrance B Lettsome Intl,18.444834,-64.542975,5
Tete Chingodzi,-16.104817,33.640181,5
Tête-à-la-Baleine Airport,50.6744,-59.3836,1
Thandwe,18.460731,94.300119,1
The Pas Airport,53.9714,-101.091,3
Theodore Francis Green State,41.732581,-71.420383,18
Thiruvananthapuram Intl,8.482122,76.920114,23
Thompson,55.801111,-97.864166,4
Thorne Bay Seaplane Base,55.688056,-132.536667,1
Thule Air Base,76.531203,-68.703161,1
Thunder Bay,48.371944,-89.323889,8
Thyna,34.717953,10.690972,6
Tianhe,30.783758,114.2081,157
Tianyang,23.72,106.96,1
Tiga Airport,-21.0961,167.804,1
Tikehau,-15.119617,-148.230697,1
Tille,49.454444,2.112778,56
Timmins,48.569721,-81.376667,1
Tirana Rinas,41.414742,19.720561,23
Tiska,24.292767,9.452444,1
Tivat,42.404664,18.723286,4
Tjilik Riwut,-2.225128,113.942661,1
Toamasina,-18.109517,49.392536,5
Tocumen Intl,9.071364,-79.383453,88
Toksook Bay Airport,60.541389,-165.087222,1
Tokua Airport,-4.34046,152.38,11
Tokyo Intl,35.552258,139.779694,125
Tolagnaro,-25.038056,46.956111,1
Toledo,41.586806,-83.807833,2
Toliara,-23.383369,43.728453,2
Tolmachevo,55.012622,82.650656,62
Tomsk Bogashevo Airport,56.380278,85.208333,1
Toncontin Intl,14.060883,-87.217197,8
Tongliao Airport,43.5567,122.2,6
Tongren,27.884,109.31,2
Toowoomba,-27.542778,151.916389,3
Torino,45.200761,7.649631,24
Torp,59.186703,10.258628,29
Torreon Intl,25.568278,-103.410583,4
Torres Airstrip,-13.328,166.638,2
Torsby Airport,60.157622,12.991269,1
Touat Cheikh Sidi Mohamed Belkebir,27.837589,-0.186414,5
Toussaint Louverture Intl,18.58005,-72.292542,10
Townsville,-19.2525,146.765278,10
Toyama,36.648333,137.1875,2
Trà Nóc Airport,10.085119,105.711922,2
Trabzon,40.995108,39.789728,6
Traian Vuia,45.809861,21.337861,9
Transilvania Targu Mures,46.467714,24.412525,2
Trapani Birgi,37.911403,12.487961,26
Trenton Mercer,40.276692,-74.813469,13
Tres De Mayo,0.505228,-76.500836,2
Treviso,45.6484,12.194422,34
Tri Cities Airport,46.2647,-119.119,4
Tri State Milton J Ferguson Field,38.3667,-82.558,2
Tri-Cities Regional Airport,36.4752222,-82.4074167,1
Tribhuvan Intl,27.696583,85.3591,17
Trichy,10.765364,78.709722,1
Tripoli Intl,32.663544,13.159011,34
Tshikapa Airport,-6.43833,20.7947,1
Tsushima,34.284889,129.33055,1
Tte Av Jorge Henrich Arauz,-14.818739,-64.918019,6
Tubuai,-23.365353,-149.524072,2
Tucson Intl,32.116083,-110.941028,20
Tulita,64.0833333,-125.5833333,1
Tulsa Intl,36.198389,-95.888111,17
Tuluksak Airport,61.096944,-160.969444,1
Tunxi International Airport,29.7333,118.256,15
Tupelo Regional Airport,34.2681,-88.7699,1
Turbat International Airport,25.986369,63.030167,5
Turku,60.514142,22.262808,1
U Taphao Intl,12.679944,101.005028,1
Ua Huka Airport,-8.93611,-139.552,2
Ua Pou Airport,-9.35167,-140.078,2
Uberaba,-19.765,-47.964778,2
Udaipur,24.617697,73.8961,3
Udon Thani,17.386436,102.788247,2
Ufa,54.557511,55.874417,9
Ukhta,63.340297,53.482592,1
Ulanhot Airport,46.083,122.017,2
Ulawa Airport,-9.854722,161.979167,1
Uléi Airport,-16.333,168.283,2
Ulsan,35.593494,129.351722,1
Ulukhaktok Holman,70.762778,-117.806111,1
Umea,63.791828,20.282758,3
Umiujaq Airport,56.5361,-76.5183,2
Unalakleet Airport,63.888333,-160.798889,4
Unalaska,53.900139,-166.5435,2
University Park Airport,40.849278,-77.848694,1
Upernavik Airport,72.7902,-56.1306,8
Upington,-28.399097,21.260239,1
Uraj,60.1,64.83,1
Uralsk,51.150833,51.543056,1
Urgench Airport,41.5843,60.6417,4
Ushuaia Malvinas Argentinas,-54.843278,-68.29575,2
Usiminas,-19.470722,-42.487583,2
Ust Kamenogorsk Airport,50.0366,82.4942,5
Uummannaq Heliport,70.4047,52.0702,6
Uytash,42.816822,47.652294,1
V C Bird Intl,17.136749,-61.792667,20
Vadodara,22.336164,73.226289,1
Vaernes,63.457556,10.92425,34
Vagar,62.063628,-7.277219,3
Val D Or,48.053333,-77.782778,4
Val De Cans Intl,-1.37925,-48.476292,28
Val De Loire,47.432222,0.727606,4
Valan,70.99,25.83,2
Valencia,39.489314,-0.481625,56
Valle Del Fuerte Intl,25.685194,-109.080806,3
Valley Intl,26.2285,-97.654389,4
Van,38.468219,43.3323,3
Vance Winkworth Amory International Airport,17.205678,-62.589869,2
Vancouver Intl,49.193889,-123.184444,127
Vanguardia,4.167875,-73.613761,5
Vanimo Airport,-2.69717,141.302,2
Varanasi,25.452358,82.859342,5
Varna,43.232072,27.825106,2
Vasteras,59.589444,16.633611,2
Vatry,48.776072,4.184492,1
Venetie Airport,67.008611,-146.366389,1
Venezia Tessera,45.505278,12.351944,79
Vias,43.323522,3.353903,8
Victoria Falls Intl,-18.095881,25.839006,3
Victoria Intl,48.646944,-123.425833,8
Vieques Airport,18.1158,-65.4227,1
Vigo,42.2318,-8.626775,5
Vigra,62.560372,6.110164,6
Vijayawada,16.530433,80.796847,1
Vilankulo,-22.018431,35.313297,2
Vilhelmina,64.579083,16.833575,2
Villafranca,45.395706,10.888533,20
Vilnius Intl,54.634133,25.285767,35
Vilo Acuna Intl,21.616453,-81.545989,1
Vinh Airport,18.737569,105.670764,4
Viracopos,-23.0075,-47.134444,53
Viru Viru Intl,-17.644756,-63.135364,12
Visby,57.662797,18.346211,4
Vishakhapatnam,17.721167,83.224483,11
Vitória da Conquista Airport,-14.862761,-40.863106,3
Vityazevo,45.002097,37.347272,1
Vnukovo,55.591531,37.261486,69
Vunisea Airport,-19.0581,178.157,1
Wabush,52.921944,-66.864444,11
Wagga Wagga,-35.165278,147.466389,1
Wai Oti,-8.640647,122.236889,1
Wai Sha Airport,23.4,116.683,26
Wainwright Airport,70.638056,-159.994722,1
Wajir,1.733239,40.091606,3
Wakkanai,45.404167,141.800833,1
Wales Airport,65.6225,-168.095,2
Wallblake,18.204834,-63.055084,1
Wallis,-13.238281,-176.199228,2
Walvis Bay Airport,-22.9799,14.6453,1
Wanxian Airport,30.8361,108.406,5
Wapekeka Airport,53.8492,-89.5794,1
Warri Airport,5.31,5.45,1
Warsaw Modlin,52.451111,20.651667,25
Washington Dulles Intl,38.944533,-77.455811,157
Waskaganish Airport,51.4733,-78.7583,5
Waterford,52.1872,-7.086964,1
Watertown Intl,43.991922,-76.021739,2
Watertown Regional Airport,44.914,-97.1547,1
Wattay Intl,17.988322,102.563256,17
Webequie Airport,52.9597,-87.3689,1
Weifang Airport,36.6467,119.119,6
Wellington Intl,-41.327221,174.805278,26
Wemindji Airport,53.0106,-78.8311,1
Wenzhou Yongqiang Airport,27.9122,120.852,64
Westchester Co,41.066959,-73.707575,14
Westerland Sylt,54.91325,8.340472,5
Westray Airport,59.3503,-2.95,1
Westsound Seaplane Base,48.617778,-122.952778,1
Wewak Intl,-3.583828,143.669186,4
Whale Cove Airport,62.24,-92.5981,2
Whangarei,-35.768333,174.365,1
White Mountain Airport,64.689167,-163.412778,2
Whitehorse Intl,60.709553,-135.067269,3
Wichita Mid Continent,37.649944,-97.433056,10
Wiley Post Will Rogers Mem,71.285446,-156.766003,5
Wilkes Barre Scranton Intl,41.338478,-75.723403,3
Will Rogers World,35.393089,-97.600733,28
William P Hobby,29.645419,-95.278889,70
Williams Lake,52.183056,-122.054167,2
Wilmington Intl,34.270615,-77.902569,7
Windhoek Hosea Kutako International Airport ,-22.486667,17.4625,13
Windorah Airport,-25.4131,142.667,1
Winnipeg Intl,49.910036,-97.239886,32
Winton Airport,-22.3636,143.086,1
Woerthersee International Airport,46.642514,14.337739,5
Wolter Monginsidi,-4.081608,122.418231,1
Woodbourne,-41.518333,173.870278,2
Worcester Regional Airport,42.2673,-71.8757,1
Wrangell Airport,56.4843,-132.37,1
Wuhai,39.794444,106.799444,2
Wujiaba,24.992364,102.743536,237
Wunnumin Lake Airport,52.8939,-89.2892,2
Wusu,37.746897,112.628428,91
Wuxi Airport,31.4944,120.429,39
Wuxu,22.608267,108.172442,90
Wynyard Airport,-40.9989,145.731,1
Xiangfan Airport,32.1506,112.291,5
Xianyang,34.447119,108.751592,251
Xiaoshan,30.229503,120.434453,213
Xilinhot Airport,43.9156,115.964,1
Xingyi Airport,25.0882,104.9587,2
Xining Caojiabu Airport,36.5275,102.043,36
Xinzheng,34.519672,113.840889,152
Xoxocotlan Intl,16.999906,-96.726639,1
Xuzhou Guanyin Airport,34.16,117.11,12
Yacuiba,-21.960925,-63.651669,2
Yakutat,59.3012,-139.3937,1
Yakutsk,62.09325,129.770672,29
Yamagata,38.411894,140.371331,1
Yan'an Airport,36.6369,109.554,2
Yancheng Airport,33.3856,120.125,10
Yangon Intl,16.907305,96.133222,22
Yangzhou Taizhou Airport,32.5617,119.715,13
Yanji Airport,42.8828,129.451258,7
Yaounde Nsimalen,3.722556,11.553269,7
Yap Intl,9.498911,138.082497,1
Yazd Shahid Sadooghi,31.904908,54.276503,3
Yeager,38.373147,-81.593189,1
Yelizovo,53.167889,158.453669,3
Yellowknife,62.462778,-114.440278,20
Yenbo,24.144244,38.06335,1
Yeosu,34.842328,127.61685,1
Yibin,28.800278,104.544444,6
Yichang Airport,30.671,111.441,13
Yichun Mingyueshan Airport,27.8033,114.3081,3
Yinchuan,38.481944,106.009167,50
Yiwu Airport,29.3447,120.032,13
Yonago Kitaro,35.492222,133.236389,5
Yongzhou Lingling Airport,26.345556,111.612222,1
Youngstown Warren Rgnl,41.260736,-80.679097,3
Yulin Airport,38.2692,109.731,3
Yuzhny,41.257861,69.281186,63
Zadar,44.108269,15.346697,20
Zagreb,45.742931,16.068778,24
Zahedan Intl,29.475686,60.906189,8
Zamboanga Intl,6.922419,122.059633,3
Zanzibar,-6.222025,39.224886,3
Zaporizhzhia International Airport,47.867,35.3157,1
Zaragoza Ab,41.666242,-1.041553,5
Zarzis,33.875031,10.775461,28
Zenata,35.016667,-1.45,4
Zhangxiao,35.018,110.993,23
Zhanjiang Airport,21.2144,110.358,9
Zhaotong Airport,27.3256,103.755,1
Zhijiang Airport,27.441389,109.699722,1
Zhob,31.358381,69.463606,1
Zhongwei Xiangshan Airport,37.5728,105.1544,1
Zhoubai,29.515,108.83,2
Zhoushan Airport,29.9342,122.362,7
Zhoushuizi,38.965667,121.5386,116
Zhuhai Airport,22.0064,113.376,45
Zhuliany Intl,50.401694,30.449697,13
Zia Intl,23.843333,90.397781,45
Ziguinchor,12.555617,-16.281783,1
Zona da Mata Regional Airport,-21.5130558014,-43.1730575562,1
Zonguldak,41.506111,32.088611,1
Zumbi Dos Palmares,-9.510808,-35.791678,9
Zurich,47.464722,8.549167,176
Zvartnots,40.147275,44.395881,19
Zweibruecken,49.209445,7.401323,4
